image,label
cat1.jpg,3
cat2.jpg,3
cat3.jpg,3
cat4.jpg,3
cat5.jpg,3
cat6.jpg,3
cat7.jpg,3
cat8.jpg,3
cat9.jpg,3
cat10.jpg,3
cat11.jpg,3
cat12.jpg,3
cat13.jpg,3
cat14.jpg,3
cat15.jpg,3
cat16.jpg,3
cat17.jpg,3
cat18.jpg,3
cat19.jpg,3
cat20.jpg,3
cat21.jpg,3
cat22.jpg,3
cat23.jpg,3
cat24.jpg,3
cat25.jpg,3
cat26.jpg,3
cat27.jpg,3
cat28.jpg,3
cat29.jpg,3
cat30.jpg,3
cat31.jpg,3
cat32.jpg,3
cat33.jpg,3
cat34.jpg,3
cat35.jpg,3
cat36.jpg,3
cat37.jpg,3
cat38.jpg,3
cat39.jpg,3
cat40.jpg,3
cat41.jpg,3
cat42.jpg,3
cat43.jpg,3
cat44.jpg,3
cat45.jpg,3
cat46.jpg,3
cat47.jpg,3
cat48.jpg,3
cat49.jpg,3
cat50.jpg,3
cat51.jpg,3
cat52.jpg,3
cat53.jpg,3
cat54.jpg,3
cat55.jpg,3
cat56.jpg,3
cat57.jpg,3
cat58.jpg,3
cat59.jpg,3
cat60.jpg,3
cat61.jpg,3
cat62.jpg,3
cat63.jpg,3
cat64.jpg,3
cat65.jpg,3
cat66.jpg,3
cat67.jpg,3
cat68.jpg,3
cat69.jpg,3
cat70.jpg,3
cat71.jpg,3
cat72.jpg,3
cat73.jpg,3
cat74.jpg,3
cat75.jpg,3
cat76.jpg,3
cat77.jpg,3
cat78.jpg,3
cat79.jpg,3
cat80.jpg,3
cat81.jpg,3
cat82.jpg,3
cat83.jpg,3
cat84.jpg,3
cat85.jpg,3
cat86.jpg,3
cat87.jpg,3
cat88.jpg,3
cat89.jpg,3
cat90.jpg,3
cat91.jpg,3
cat92.jpg,3
cat93.jpg,3
cat94.jpg,3
cat95.jpg,3
cat96.jpg,3
cat97.jpg,3
cat98.jpg,3
cat99.jpg,3
cat100.jpg,3
cat101.jpg,3
cat102.jpg,3
cat103.jpg,3
cat104.jpg,3
cat105.jpg,3
cat106.jpg,3
cat107.jpg,3
cat108.jpg,3
cat109.jpg,3
cat110.jpg,3
cat111.jpg,3
cat112.jpg,3
cat113.jpg,3
cat114.jpg,3
cat115.jpg,3
cat116.jpg,3
cat117.jpg,3
cat118.jpg,3
cat119.jpg,3
cat120.jpg,3
cat121.jpg,3
cat122.jpg,3
cat123.jpg,3
cat124.jpg,3
cat125.jpg,3
cat126.jpg,3
cat127.jpg,3
cat128.jpg,3
cat129.jpg,3
cat130.jpg,3
cat131.jpg,3
cat132.jpg,3
cat133.jpg,3
cat134.jpg,3
cat135.jpg,3
cat136.jpg,3
cat137.jpg,3
cat138.jpg,3
cat139.jpg,3
cat140.jpg,3
cat141.jpg,3
cat142.jpg,3
cat143.jpg,3
cat144.jpg,3
cat145.jpg,3
cat146.jpg,3
cat147.jpg,3
cat148.jpg,3
cat149.jpg,3
cat150.jpg,3
cat151.jpg,3
cat152.jpg,3
cat153.jpg,3
cat154.jpg,3
cat155.jpg,3
cat156.jpg,3
cat157.jpg,3
cat158.jpg,3
cat159.jpg,3
cat160.jpg,3
cat161.jpg,3
cat162.jpg,3
cat163.jpg,3
cat164.jpg,3
cat165.jpg,3
cat166.jpg,3
cat167.jpg,3
cat168.jpg,3
cat169.jpg,3
cat170.jpg,3
cat171.jpg,3
cat172.jpg,3
cat173.jpg,3
cat174.jpg,3
cat175.jpg,3
cat176.jpg,3
cat177.jpg,3
cat178.jpg,3
cat179.jpg,3
cat180.jpg,3
cat181.jpg,3
cat182.jpg,3
cat183.jpg,3
cat184.jpg,3
cat185.jpg,3
cat186.jpg,3
cat187.jpg,3
cat188.jpg,3
cat189.jpg,3
cat190.jpg,3
cat191.jpg,3
cat192.jpg,3
cat193.jpg,3
cat194.jpg,3
cat195.jpg,3
cat196.jpg,3
cat197.jpg,3
cat198.jpg,3
cat199.jpg,3
cat200.jpg,3
cat201.jpg,3
cat202.jpg,3
cat203.jpg,3
cat204.jpg,3
cat205.jpg,3
cat206.jpg,3
cat207.jpg,3
cat208.jpg,3
cat209.jpg,3
cat210.jpg,3
cat211.jpg,3
cat212.jpg,3
cat213.jpg,3
cat214.jpg,3
cat215.jpg,3
cat216.jpg,3
cat217.jpg,3
cat218.jpg,3
cat219.jpg,3
cat220.jpg,3
cat221.jpg,3
cat222.jpg,3
cat223.jpg,3
cat224.jpg,3
cat225.jpg,3
cat226.jpg,3
cat227.jpg,3
cat228.jpg,3
cat229.jpg,3
cat230.jpg,3
cat231.jpg,3
cat232.jpg,3
cat233.jpg,3
cat234.jpg,3
cat235.jpg,3
cat236.jpg,3
cat237.jpg,3
cat238.jpg,3
cat239.jpg,3
cat240.jpg,3
cat241.jpg,3
cat242.jpg,3
cat243.jpg,3
cat244.jpg,3
cat245.jpg,3
cat246.jpg,3
cat247.jpg,3
cat248.jpg,3
cat249.jpg,3
cat250.jpg,3
cat251.jpg,3
cat252.jpg,3
cat253.jpg,3
cat254.jpg,3
cat255.jpg,3
cat256.jpg,3
cat257.jpg,3
cat258.jpg,3
cat259.jpg,3
cat260.jpg,3
cat261.jpg,3
cat262.jpg,3
cat263.jpg,3
cat264.jpg,3
cat265.jpg,3
cat266.jpg,3
cat267.jpg,3
cat268.jpg,3
cat269.jpg,3
cat270.jpg,3
cat271.jpg,3
cat272.jpg,3
cat273.jpg,3
cat274.jpg,3
cat275.jpg,3
cat276.jpg,3
cat277.jpg,3
cat278.jpg,3
cat279.jpg,3
cat280.jpg,3
cat281.jpg,3
cat282.jpg,3
cat283.jpg,3
cat284.jpg,3
cat285.jpg,3
cat286.jpg,3
cat287.jpg,3
cat288.jpg,3
cat289.jpg,3
cat290.jpg,3
cat291.jpg,3
cat292.jpg,3
cat293.jpg,3
cat294.jpg,3
cat295.jpg,3
cat296.jpg,3
cat297.jpg,3
cat298.jpg,3
cat299.jpg,3
cat300.jpg,3
cat301.jpg,3
cat302.jpg,3
cat303.jpg,3
cat304.jpg,3
cat305.jpg,3
cat306.jpg,3
cat307.jpg,3
cat308.jpg,3
cat309.jpg,3
cat310.jpg,3
cat311.jpg,3
cat312.jpg,3
cat313.jpg,3
cat314.jpg,3
cat315.jpg,3
cat316.jpg,3
cat317.jpg,3
cat318.jpg,3
cat319.jpg,3
cat320.jpg,3
cat321.jpg,3
cat322.jpg,3
cat323.jpg,3
cat324.jpg,3
cat325.jpg,3
cat326.jpg,3
cat327.jpg,3
cat328.jpg,3
cat329.jpg,3
cat330.jpg,3
cat331.jpg,3
cat332.jpg,3
cat333.jpg,3
cat334.jpg,3
cat335.jpg,3
cat336.jpg,3
cat337.jpg,3
cat338.jpg,3
cat339.jpg,3
cat340.jpg,3
cat341.jpg,3
cat342.jpg,3
cat343.jpg,3
cat344.jpg,3
cat345.jpg,3
cat346.jpg,3
cat347.jpg,3
cat348.jpg,3
cat349.jpg,3
cat350.jpg,3
cat351.jpg,3
cat352.jpg,3
cat353.jpg,3
cat354.jpg,3
cat355.jpg,3
cat356.jpg,3
cat357.jpg,3
cat358.jpg,3
cat359.jpg,3
cat360.jpg,3
cat361.jpg,3
cat362.jpg,3
cat363.jpg,3
cat364.jpg,3
cat365.jpg,3
cat366.jpg,3
cat367.jpg,3
cat368.jpg,3
cat369.jpg,3
cat370.jpg,3
cat371.jpg,3
cat372.jpg,3
cat373.jpg,3
cat374.jpg,3
cat375.jpg,3
cat376.jpg,3
cat377.jpg,3
cat378.jpg,3
cat379.jpg,3
cat380.jpg,3
cat381.jpg,3
cat382.jpg,3
cat383.jpg,3
cat384.jpg,3
cat385.jpg,3
cat386.jpg,3
cat387.jpg,3
cat388.jpg,3
cat389.jpg,3
cat390.jpg,3
cat391.jpg,3
cat392.jpg,3
cat393.jpg,3
cat394.jpg,3
cat395.jpg,3
cat396.jpg,3
cat397.jpg,3
cat398.jpg,3
cat399.jpg,3
cat400.jpg,3
cat401.jpg,3
cat402.jpg,3
cat403.jpg,3
cat404.jpg,3
cat405.jpg,3
cat406.jpg,3
cat407.jpg,3
cat408.jpg,3
cat409.jpg,3
cat410.jpg,3
cat411.jpg,3
cat412.jpg,3
cat413.jpg,3
cat414.jpg,3
cat415.jpg,3
cat416.jpg,3
cat417.jpg,3
cat418.jpg,3
cat419.jpg,3
cat420.jpg,3
cat421.jpg,3
cat422.jpg,3
cat423.jpg,3
cat424.jpg,3
cat425.jpg,3
cat426.jpg,3
cat427.jpg,3
cat428.jpg,3
cat429.jpg,3
cat430.jpg,3
cat431.jpg,3
cat432.jpg,3
cat433.jpg,3
cat434.jpg,3
cat435.jpg,3
cat436.jpg,3
cat437.jpg,3
cat438.jpg,3
cat439.jpg,3
cat440.jpg,3
cat441.jpg,3
cat442.jpg,3
cat443.jpg,3
cat444.jpg,3
cat445.jpg,3
cat446.jpg,3
cat447.jpg,3
cat448.jpg,3
cat449.jpg,3
cat450.jpg,3
cat451.jpg,3
cat452.jpg,3
cat453.jpg,3
cat454.jpg,3
cat455.jpg,3
cat456.jpg,3
cat457.jpg,3
cat458.jpg,3
cat459.jpg,3
cat460.jpg,3
cat461.jpg,3
cat462.jpg,3
cat463.jpg,3
cat464.jpg,3
cat465.jpg,3
cat466.jpg,3
cat467.jpg,3
cat468.jpg,3
cat469.jpg,3
cat470.jpg,3
cat471.jpg,3
cat472.jpg,3
cat473.jpg,3
cat474.jpg,3
cat475.jpg,3
cat476.jpg,3
cat477.jpg,3
cat478.jpg,3
cat479.jpg,3
cat480.jpg,3
cat481.jpg,3
cat482.jpg,3
cat483.jpg,3
cat484.jpg,3
cat485.jpg,3
cat486.jpg,3
cat487.jpg,3
cat488.jpg,3
cat489.jpg,3
cat490.jpg,3
cat491.jpg,3
cat492.jpg,3
cat493.jpg,3
cat494.jpg,3
cat495.jpg,3
cat496.jpg,3
cat497.jpg,3
cat498.jpg,3
cat499.jpg,3
cat500.jpg,3
cat501.jpg,3
cat502.jpg,3
cat503.jpg,3
cat504.jpg,3
cat505.jpg,3
cat506.jpg,3
cat507.jpg,3
cat508.jpg,3
cat509.jpg,3
cat510.jpg,3
cat511.jpg,3
cat512.jpg,3
cat513.jpg,3
cat514.jpg,3
cat515.jpg,3
cat516.jpg,3
cat517.jpg,3
cat518.jpg,3
cat519.jpg,3
cat520.jpg,3
cat521.jpg,3
cat522.jpg,3
cat523.jpg,3
cat524.jpg,3
cat525.jpg,3
cat526.jpg,3
cat527.jpg,3
cat528.jpg,3
cat529.jpg,3
cat530.jpg,3
cat531.jpg,3
cat532.jpg,3
cat533.jpg,3
cat534.jpg,3
cat535.jpg,3
cat536.jpg,3
cat537.jpg,3
cat538.jpg,3
cat539.jpg,3
cat540.jpg,3
cat541.jpg,3
cat542.jpg,3
cat543.jpg,3
cat544.jpg,3
cat545.jpg,3
cat546.jpg,3
cat547.jpg,3
cat548.jpg,3
cat549.jpg,3
cat550.jpg,3
cat551.jpg,3
cat552.jpg,3
cat553.jpg,3
cat554.jpg,3
cat555.jpg,3
cat556.jpg,3
cat557.jpg,3
cat558.jpg,3
cat559.jpg,3
cat560.jpg,3
cat561.jpg,3
cat562.jpg,3
cat563.jpg,3
cat564.jpg,3
cat565.jpg,3
cat566.jpg,3
cat567.jpg,3
cat568.jpg,3
cat569.jpg,3
cat570.jpg,3
cat571.jpg,3
cat572.jpg,3
cat573.jpg,3
cat574.jpg,3
cat575.jpg,3
cat576.jpg,3
cat577.jpg,3
cat578.jpg,3
cat579.jpg,3
cat580.jpg,3
cat581.jpg,3
cat582.jpg,3
cat583.jpg,3
cat584.jpg,3
cat585.jpg,3
cat586.jpg,3
cat587.jpg,3
cat588.jpg,3
cat589.jpg,3
cat590.jpg,3
cat591.jpg,3
cat592.jpg,3
cat593.jpg,3
cat594.jpg,3
cat595.jpg,3
cat596.jpg,3
cat597.jpg,3
cat598.jpg,3
cat599.jpg,3
cat600.jpg,3
cat601.jpg,3
cat602.jpg,3
cat603.jpg,3
cat604.jpg,3
cat605.jpg,3
cat606.jpg,3
cat607.jpg,3
cat608.jpg,3
cat609.jpg,3
cat610.jpg,3
cat611.jpg,3
cat612.jpg,3
cat613.jpg,3
cat614.jpg,3
cat615.jpg,3
cat616.jpg,3
cat617.jpg,3
cat618.jpg,3
cat619.jpg,3
cat620.jpg,3
cat621.jpg,3
cat622.jpg,3
cat623.jpg,3
cat624.jpg,3
cat625.jpg,3
cat626.jpg,3
cat627.jpg,3
cat628.jpg,3
cat629.jpg,3
cat630.jpg,3
cat631.jpg,3
cat632.jpg,3
cat633.jpg,3
cat634.jpg,3
cat635.jpg,3
cat636.jpg,3
cat637.jpg,3
cat638.jpg,3
cat639.jpg,3
cat640.jpg,3
cat641.jpg,3
cat642.jpg,3
cat643.jpg,3
cat644.jpg,3
cat645.jpg,3
cat646.jpg,3
cat647.jpg,3
cat648.jpg,3
cat649.jpg,3
cat650.jpg,3
cat651.jpg,3
cat652.jpg,3
cat653.jpg,3
cat654.jpg,3
cat655.jpg,3
cat656.jpg,3
cat657.jpg,3
cat658.jpg,3
cat659.jpg,3
cat660.jpg,3
cat661.jpg,3
cat662.jpg,3
cat663.jpg,3
cat664.jpg,3
cat665.jpg,3
cat666.jpg,3
cat667.jpg,3
cat668.jpg,3
cat669.jpg,3
cat670.jpg,3
cat671.jpg,3
cat672.jpg,3
cat673.jpg,3
cat674.jpg,3
cat675.jpg,3
cat676.jpg,3
cat677.jpg,3
cat678.jpg,3
cat679.jpg,3
cat680.jpg,3
cat681.jpg,3
cat682.jpg,3
cat683.jpg,3
cat684.jpg,3
cat685.jpg,3
cat686.jpg,3
cat687.jpg,3
cat688.jpg,3
cat689.jpg,3
cat690.jpg,3
cat691.jpg,3
cat692.jpg,3
cat693.jpg,3
cat694.jpg,3
cat695.jpg,3
cat696.jpg,3
cat697.jpg,3
cat698.jpg,3
cat699.jpg,3
cat700.jpg,3
cat701.jpg,3
cat702.jpg,3
cat703.jpg,3
cat704.jpg,3
cat705.jpg,3
cat706.jpg,3
cat707.jpg,3
cat708.jpg,3
cat709.jpg,3
cat710.jpg,3
cat711.jpg,3
cat712.jpg,3
cat713.jpg,3
cat714.jpg,3
cat715.jpg,3
cat716.jpg,3
cat717.jpg,3
cat718.jpg,3
cat719.jpg,3
cat720.jpg,3
cat721.jpg,3
cat722.jpg,3
cat723.jpg,3
cat724.jpg,3
cat725.jpg,3
cat726.jpg,3
cat727.jpg,3
cat728.jpg,3
cat729.jpg,3
cat730.jpg,3
cat731.jpg,3
cat732.jpg,3
cat733.jpg,3
cat734.jpg,3
cat735.jpg,3
cat736.jpg,3
cat737.jpg,3
cat738.jpg,3
cat739.jpg,3
cat740.jpg,3
cat741.jpg,3
cat742.jpg,3
cat743.jpg,3
cat744.jpg,3
cat745.jpg,3
cat746.jpg,3
cat747.jpg,3
cat748.jpg,3
cat749.jpg,3
cat750.jpg,3
cat751.jpg,3
cat752.jpg,3
cat753.jpg,3
cat754.jpg,3
cat755.jpg,3
cat756.jpg,3
cat757.jpg,3
cat758.jpg,3
cat759.jpg,3
cat760.jpg,3
cat761.jpg,3
cat762.jpg,3
cat763.jpg,3
cat764.jpg,3
cat765.jpg,3
cat766.jpg,3
cat767.jpg,3
cat768.jpg,3
cat769.jpg,3
cat770.jpg,3
cat771.jpg,3
cat772.jpg,3
cat773.jpg,3
cat774.jpg,3
cat775.jpg,3
cat776.jpg,3
cat777.jpg,3
cat778.jpg,3
cat779.jpg,3
cat780.jpg,3
cat781.jpg,3
cat782.jpg,3
cat783.jpg,3
cat784.jpg,3
cat785.jpg,3
cat786.jpg,3
cat787.jpg,3
cat788.jpg,3
cat789.jpg,3
cat790.jpg,3
cat791.jpg,3
cat792.jpg,3
cat793.jpg,3
cat794.jpg,3
cat795.jpg,3
cat796.jpg,3
cat797.jpg,3
cat798.jpg,3
cat799.jpg,3
cat800.jpg,3
cat801.jpg,3
cat802.jpg,3
cat803.jpg,3
cat804.jpg,3
cat805.jpg,3
cat806.jpg,3
cat807.jpg,3
cat808.jpg,3
cat809.jpg,3
cat810.jpg,3
cat811.jpg,3
cat812.jpg,3
cat813.jpg,3
cat814.jpg,3
cat815.jpg,3
cat816.jpg,3
cat817.jpg,3
cat818.jpg,3
cat819.jpg,3
cat820.jpg,3
cat821.jpg,3
cat822.jpg,3
cat823.jpg,3
cat824.jpg,3
cat825.jpg,3
cat826.jpg,3
cat827.jpg,3
cat828.jpg,3
cat829.jpg,3
cat830.jpg,3
cat831.jpg,3
cat832.jpg,3
cat833.jpg,3
cat834.jpg,3
cat835.jpg,3
cat836.jpg,3
cat837.jpg,3
cat838.jpg,3
cat839.jpg,3
cat840.jpg,3
cat841.jpg,3
cat842.jpg,3
cat843.jpg,3
cat844.jpg,3
cat845.jpg,3
cat846.jpg,3
cat847.jpg,3
cat848.jpg,3
cat849.jpg,3
cat850.jpg,3
cat851.jpg,3
cat852.jpg,3
cat853.jpg,3
cat854.jpg,3
cat855.jpg,3
cat856.jpg,3
cat857.jpg,3
cat858.jpg,3
cat859.jpg,3
cat860.jpg,3
cat861.jpg,3
cat862.jpg,3
cat863.jpg,3
cat864.jpg,3
cat865.jpg,3
cat866.jpg,3
cat867.jpg,3
cat868.jpg,3
cat869.jpg,3
cat870.jpg,3
cat871.jpg,3
cat872.jpg,3
cat873.jpg,3
cat874.jpg,3
cat875.jpg,3
cat876.jpg,3
cat877.jpg,3
cat878.jpg,3
cat879.jpg,3
cat880.jpg,3
cat881.jpg,3
cat882.jpg,3
cat883.jpg,3
cat884.jpg,3
cat885.jpg,3
cat886.jpg,3
cat887.jpg,3
cat888.jpg,3
cat889.jpg,3
cat890.jpg,3
cat891.jpg,3
cat892.jpg,3
cat893.jpg,3
cat894.jpg,3
cat895.jpg,3
cat896.jpg,3
cat897.jpg,3
cat898.jpg,3
cat899.jpg,3
cat900.jpg,3
cat901.jpg,3
cat902.jpg,3
cat903.jpg,3
cat904.jpg,3
cat905.jpg,3
cat906.jpg,3
cat907.jpg,3
cat908.jpg,3
cat909.jpg,3
cat910.jpg,3
cat911.jpg,3
cat912.jpg,3
cat913.jpg,3
cat914.jpg,3
cat915.jpg,3
cat916.jpg,3
cat917.jpg,3
cat918.jpg,3
cat919.jpg,3
cat920.jpg,3
cat921.jpg,3
cat922.jpg,3
cat923.jpg,3
cat924.jpg,3
cat925.jpg,3
cat926.jpg,3
cat927.jpg,3
cat928.jpg,3
cat929.jpg,3
cat930.jpg,3
cat931.jpg,3
cat932.jpg,3
cat933.jpg,3
cat934.jpg,3
cat935.jpg,3
cat936.jpg,3
cat937.jpg,3
cat938.jpg,3
cat939.jpg,3
cat940.jpg,3
cat941.jpg,3
cat942.jpg,3
cat943.jpg,3
cat944.jpg,3
cat945.jpg,3
cat946.jpg,3
cat947.jpg,3
cat948.jpg,3
cat949.jpg,3
cat950.jpg,3
cat951.jpg,3
cat952.jpg,3
cat953.jpg,3
cat954.jpg,3
cat955.jpg,3
cat956.jpg,3
cat957.jpg,3
cat958.jpg,3
cat959.jpg,3
cat960.jpg,3
cat961.jpg,3
cat962.jpg,3
cat963.jpg,3
cat964.jpg,3
cat965.jpg,3
cat966.jpg,3
cat967.jpg,3
cat968.jpg,3
cat969.jpg,3
cat970.jpg,3
cat971.jpg,3
cat972.jpg,3
cat973.jpg,3
cat974.jpg,3
cat975.jpg,3
cat976.jpg,3
cat977.jpg,3
cat978.jpg,3
cat979.jpg,3
cat980.jpg,3
cat981.jpg,3
cat982.jpg,3
cat983.jpg,3
cat984.jpg,3
cat985.jpg,3
cat986.jpg,3
cat987.jpg,3
cat988.jpg,3
cat989.jpg,3
cat990.jpg,3
cat991.jpg,3
cat992.jpg,3
cat993.jpg,3
cat994.jpg,3
cat995.jpg,3
cat996.jpg,3
cat997.jpg,3
cat998.jpg,3
cat999.jpg,3
cat1000.jpg,3
dog1.jpg,2
dog2.jpg,2
dog3.jpg,2
dog4.jpg,2
dog5.jpg,2
dog6.jpg,2
dog7.jpg,2
dog8.jpg,2
dog9.jpg,2
dog10.jpg,2
dog11.jpg,2
dog12.jpg,2
dog13.jpg,2
dog14.jpg,2
dog15.jpg,2
dog16.jpg,2
dog17.jpg,2
dog18.jpg,2
dog19.jpg,2
dog20.jpg,2
dog21.jpg,2
dog22.jpg,2
dog23.jpg,2
dog24.jpg,2
dog25.jpg,2
dog26.jpg,2
dog27.jpg,2
dog28.jpg,2
dog29.jpg,2
dog30.jpg,2
dog31.jpg,2
dog32.jpg,2
dog33.jpg,2
dog34.jpg,2
dog35.jpg,2
dog36.jpg,2
dog37.jpg,2
dog38.jpg,2
dog39.jpg,2
dog40.jpg,2
dog41.jpg,2
dog42.jpg,2
dog43.jpg,2
dog44.jpg,2
dog45.jpg,2
dog46.jpg,2
dog47.jpg,2
dog48.jpg,2
dog49.jpg,2
dog50.jpg,2
dog51.jpg,2
dog52.jpg,2
dog53.jpg,2
dog54.jpg,2
dog55.jpg,2
dog56.jpg,2
dog57.jpg,2
dog58.jpg,2
dog59.jpg,2
dog60.jpg,2
dog61.jpg,2
dog62.jpg,2
dog63.jpg,2
dog64.jpg,2
dog65.jpg,2
dog66.jpg,2
dog67.jpg,2
dog68.jpg,2
dog69.jpg,2
dog70.jpg,2
dog71.jpg,2
dog72.jpg,2
dog73.jpg,2
dog74.jpg,2
dog75.jpg,2
dog76.jpg,2
dog77.jpg,2
dog78.jpg,2
dog79.jpg,2
dog80.jpg,2
dog81.jpg,2
dog82.jpg,2
dog83.jpg,2
dog84.jpg,2
dog85.jpg,2
dog86.jpg,2
dog87.jpg,2
dog88.jpg,2
dog89.jpg,2
dog90.jpg,2
dog91.jpg,2
dog92.jpg,2
dog93.jpg,2
dog94.jpg,2
dog95.jpg,2
dog96.jpg,2
dog97.jpg,2
dog98.jpg,2
dog99.jpg,2
dog100.jpg,2
dog101.jpg,2
dog102.jpg,2
dog103.jpg,2
dog104.jpg,2
dog105.jpg,2
dog106.jpg,2
dog107.jpg,2
dog108.jpg,2
dog109.jpg,2
dog110.jpg,2
dog111.jpg,2
dog112.jpg,2
dog113.jpg,2
dog114.jpg,2
dog115.jpg,2
dog116.jpg,2
dog117.jpg,2
dog118.jpg,2
dog119.jpg,2
dog120.jpg,2
dog121.jpg,2
dog122.jpg,2
dog123.jpg,2
dog124.jpg,2
dog125.jpg,2
dog126.jpg,2
dog127.jpg,2
dog128.jpg,2
dog129.jpg,2
dog130.jpg,2
dog131.jpg,2
dog132.jpg,2
dog133.jpg,2
dog134.jpg,2
dog135.jpg,2
dog136.jpg,2
dog137.jpg,2
dog138.jpg,2
dog139.jpg,2
dog140.jpg,2
dog141.jpg,2
dog142.jpg,2
dog143.jpg,2
dog144.jpg,2
dog145.jpg,2
dog146.jpg,2
dog147.jpg,2
dog148.jpg,2
dog149.jpg,2
dog150.jpg,2
dog151.jpg,2
dog152.jpg,2
dog153.jpg,2
dog154.jpg,2
dog155.jpg,2
dog156.jpg,2
dog157.jpg,2
dog158.jpg,2
dog159.jpg,2
dog160.jpg,2
dog161.jpg,2
dog162.jpg,2
dog163.jpg,2
dog164.jpg,2
dog165.jpg,2
dog166.jpg,2
dog167.jpg,2
dog168.jpg,2
dog169.jpg,2
dog170.jpg,2
dog171.jpg,2
dog172.jpg,2
dog173.jpg,2
dog174.jpg,2
dog175.jpg,2
dog176.jpg,2
dog177.jpg,2
dog178.jpg,2
dog179.jpg,2
dog180.jpg,2
dog181.jpg,2
dog182.jpg,2
dog183.jpg,2
dog184.jpg,2
dog185.jpg,2
dog186.jpg,2
dog187.jpg,2
dog188.jpg,2
dog189.jpg,2
dog190.jpg,2
dog191.jpg,2
dog192.jpg,2
dog193.jpg,2
dog194.jpg,2
dog195.jpg,2
dog196.jpg,2
dog197.jpg,2
dog198.jpg,2
dog199.jpg,2
dog200.jpg,2
dog201.jpg,2
dog202.jpg,2
dog203.jpg,2
dog204.jpg,2
dog205.jpg,2
dog206.jpg,2
dog207.jpg,2
dog208.jpg,2
dog209.jpg,2
dog210.jpg,2
dog211.jpg,2
dog212.jpg,2
dog213.jpg,2
dog214.jpg,2
dog215.jpg,2
dog216.jpg,2
dog217.jpg,2
dog218.jpg,2
dog219.jpg,2
dog220.jpg,2
dog221.jpg,2
dog222.jpg,2
dog223.jpg,2
dog224.jpg,2
dog225.jpg,2
dog226.jpg,2
dog227.jpg,2
dog228.jpg,2
dog229.jpg,2
dog230.jpg,2
dog231.jpg,2
dog232.jpg,2
dog233.jpg,2
dog234.jpg,2
dog235.jpg,2
dog236.jpg,2
dog237.jpg,2
dog238.jpg,2
dog239.jpg,2
dog240.jpg,2
dog241.jpg,2
dog242.jpg,2
dog243.jpg,2
dog244.jpg,2
dog245.jpg,2
dog246.jpg,2
dog247.jpg,2
dog248.jpg,2
dog249.jpg,2
dog250.jpg,2
dog251.jpg,2
dog252.jpg,2
dog253.jpg,2
dog254.jpg,2
dog255.jpg,2
dog256.jpg,2
dog257.jpg,2
dog258.jpg,2
dog259.jpg,2
dog260.jpg,2
dog261.jpg,2
dog262.jpg,2
dog263.jpg,2
dog264.jpg,2
dog265.jpg,2
dog266.jpg,2
dog267.jpg,2
dog268.jpg,2
dog269.jpg,2
dog270.jpg,2
dog271.jpg,2
dog272.jpg,2
dog273.jpg,2
dog274.jpg,2
dog275.jpg,2
dog276.jpg,2
dog277.jpg,2
dog278.jpg,2
dog279.jpg,2
dog280.jpg,2
dog281.jpg,2
dog282.jpg,2
dog283.jpg,2
dog284.jpg,2
dog285.jpg,2
dog286.jpg,2
dog287.jpg,2
dog288.jpg,2
dog289.jpg,2
dog290.jpg,2
dog291.jpg,2
dog292.jpg,2
dog293.jpg,2
dog294.jpg,2
dog295.jpg,2
dog296.jpg,2
dog297.jpg,2
dog298.jpg,2
dog299.jpg,2
dog300.jpg,2
dog301.jpg,2
dog302.jpg,2
dog303.jpg,2
dog304.jpg,2
dog305.jpg,2
dog306.jpg,2
dog307.jpg,2
dog308.jpg,2
dog309.jpg,2
dog310.jpg,2
dog311.jpg,2
dog312.jpg,2
dog313.jpg,2
dog314.jpg,2
dog315.jpg,2
dog316.jpg,2
dog317.jpg,2
dog318.jpg,2
dog319.jpg,2
dog320.jpg,2
dog321.jpg,2
dog322.jpg,2
dog323.jpg,2
dog324.jpg,2
dog325.jpg,2
dog326.jpg,2
dog327.jpg,2
dog328.jpg,2
dog329.jpg,2
dog330.jpg,2
dog331.jpg,2
dog332.jpg,2
dog333.jpg,2
dog334.jpg,2
dog335.jpg,2
dog336.jpg,2
dog337.jpg,2
dog338.jpg,2
dog339.jpg,2
dog340.jpg,2
dog341.jpg,2
dog342.jpg,2
dog343.jpg,2
dog344.jpg,2
dog345.jpg,2
dog346.jpg,2
dog347.jpg,2
dog348.jpg,2
dog349.jpg,2
dog350.jpg,2
dog351.jpg,2
dog352.jpg,2
dog353.jpg,2
dog354.jpg,2
dog355.jpg,2
dog356.jpg,2
dog357.jpg,2
dog358.jpg,2
dog359.jpg,2
dog360.jpg,2
dog361.jpg,2
dog362.jpg,2
dog363.jpg,2
dog364.jpg,2
dog365.jpg,2
dog366.jpg,2
dog367.jpg,2
dog368.jpg,2
dog369.jpg,2
dog370.jpg,2
dog371.jpg,2
dog372.jpg,2
dog373.jpg,2
dog374.jpg,2
dog375.jpg,2
dog376.jpg,2
dog377.jpg,2
dog378.jpg,2
dog379.jpg,2
dog380.jpg,2
dog381.jpg,2
dog382.jpg,2
dog383.jpg,2
dog384.jpg,2
dog385.jpg,2
dog386.jpg,2
dog387.jpg,2
dog388.jpg,2
dog389.jpg,2
dog390.jpg,2
dog391.jpg,2
dog392.jpg,2
dog393.jpg,2
dog394.jpg,2
dog395.jpg,2
dog396.jpg,2
dog397.jpg,2
dog398.jpg,2
dog399.jpg,2
dog400.jpg,2
dog401.jpg,2
dog402.jpg,2
dog403.jpg,2
dog404.jpg,2
dog405.jpg,2
dog406.jpg,2
dog407.jpg,2
dog408.jpg,2
dog409.jpg,2
dog410.jpg,2
dog411.jpg,2
dog412.jpg,2
dog413.jpg,2
dog414.jpg,2
dog415.jpg,2
dog416.jpg,2
dog417.jpg,2
dog418.jpg,2
dog419.jpg,2
dog420.jpg,2
dog421.jpg,2
dog422.jpg,2
dog423.jpg,2
dog424.jpg,2
dog425.jpg,2
dog426.jpg,2
dog427.jpg,2
dog428.jpg,2
dog429.jpg,2
dog430.jpg,2
dog431.jpg,2
dog432.jpg,2
dog433.jpg,2
dog434.jpg,2
dog435.jpg,2
dog436.jpg,2
dog437.jpg,2
dog438.jpg,2
dog439.jpg,2
dog440.jpg,2
dog441.jpg,2
dog442.jpg,2
dog443.jpg,2
dog444.jpg,2
dog445.jpg,2
dog446.jpg,2
dog447.jpg,2
dog448.jpg,2
dog449.jpg,2
dog450.jpg,2
dog451.jpg,2
dog452.jpg,2
dog453.jpg,2
dog454.jpg,2
dog455.jpg,2
dog456.jpg,2
dog457.jpg,2
dog458.jpg,2
dog459.jpg,2
dog460.jpg,2
dog461.jpg,2
dog462.jpg,2
dog463.jpg,2
dog464.jpg,2
dog465.jpg,2
dog466.jpg,2
dog467.jpg,2
dog468.jpg,2
dog469.jpg,2
dog470.jpg,2
dog471.jpg,2
dog472.jpg,2
dog473.jpg,2
dog474.jpg,2
dog475.jpg,2
dog476.jpg,2
dog477.jpg,2
dog478.jpg,2
dog479.jpg,2
dog480.jpg,2
dog481.jpg,2
dog482.jpg,2
dog483.jpg,2
dog484.jpg,2
dog485.jpg,2
dog486.jpg,2
dog487.jpg,2
dog488.jpg,2
dog489.jpg,2
dog490.jpg,2
dog491.jpg,2
dog492.jpg,2
dog493.jpg,2
dog494.jpg,2
dog495.jpg,2
dog496.jpg,2
dog497.jpg,2
dog498.jpg,2
dog499.jpg,2
dog500.jpg,2
dog501.jpg,2
dog502.jpg,2
dog503.jpg,2
dog504.jpg,2
dog505.jpg,2
dog506.jpg,2
dog507.jpg,2
dog508.jpg,2
dog509.jpg,2
dog510.jpg,2
dog511.jpg,2
dog512.jpg,2
dog513.jpg,2
dog514.jpg,2
dog515.jpg,2
dog516.jpg,2
dog517.jpg,2
dog518.jpg,2
dog519.jpg,2
dog520.jpg,2
dog521.jpg,2
dog522.jpg,2
dog523.jpg,2
dog524.jpg,2
dog525.jpg,2
dog526.jpg,2
dog527.jpg,2
dog528.jpg,2
dog529.jpg,2
dog530.jpg,2
dog531.jpg,2
dog532.jpg,2
dog533.jpg,2
dog534.jpg,2
dog535.jpg,2
dog536.jpg,2
dog537.jpg,2
dog538.jpg,2
dog539.jpg,2
dog540.jpg,2
dog541.jpg,2
dog542.jpg,2
dog543.jpg,2
dog544.jpg,2
dog545.jpg,2
dog546.jpg,2
dog547.jpg,2
dog548.jpg,2
dog549.jpg,2
dog550.jpg,2
dog551.jpg,2
dog552.jpg,2
dog553.jpg,2
dog554.jpg,2
dog555.jpg,2
dog556.jpg,2
dog557.jpg,2
dog558.jpg,2
dog559.jpg,2
dog560.jpg,2
dog561.jpg,2
dog562.jpg,2
dog563.jpg,2
dog564.jpg,2
dog565.jpg,2
dog566.jpg,2
dog567.jpg,2
dog568.jpg,2
dog569.jpg,2
dog570.jpg,2
dog571.jpg,2
dog572.jpg,2
dog573.jpg,2
dog574.jpg,2
dog575.jpg,2
dog576.jpg,2
dog577.jpg,2
dog578.jpg,2
dog579.jpg,2
dog580.jpg,2
dog581.jpg,2
dog582.jpg,2
dog583.jpg,2
dog584.jpg,2
dog585.jpg,2
dog586.jpg,2
dog587.jpg,2
dog588.jpg,2
dog589.jpg,2
dog590.jpg,2
dog591.jpg,2
dog592.jpg,2
dog593.jpg,2
dog594.jpg,2
dog595.jpg,2
dog596.jpg,2
dog597.jpg,2
dog598.jpg,2
dog599.jpg,2
dog600.jpg,2
dog601.jpg,2
dog602.jpg,2
dog603.jpg,2
dog604.jpg,2
dog605.jpg,2
dog606.jpg,2
dog607.jpg,2
dog608.jpg,2
dog609.jpg,2
dog610.jpg,2
dog611.jpg,2
dog612.jpg,2
dog613.jpg,2
dog614.jpg,2
dog615.jpg,2
dog616.jpg,2
dog617.jpg,2
dog618.jpg,2
dog619.jpg,2
dog620.jpg,2
dog621.jpg,2
dog622.jpg,2
dog623.jpg,2
dog624.jpg,2
dog625.jpg,2
dog626.jpg,2
dog627.jpg,2
dog628.jpg,2
dog629.jpg,2
dog630.jpg,2
dog631.jpg,2
dog632.jpg,2
dog633.jpg,2
dog634.jpg,2
dog635.jpg,2
dog636.jpg,2
dog637.jpg,2
dog638.jpg,2
dog639.jpg,2
dog640.jpg,2
dog641.jpg,2
dog642.jpg,2
dog643.jpg,2
dog644.jpg,2
dog645.jpg,2
dog646.jpg,2
dog647.jpg,2
dog648.jpg,2
dog649.jpg,2
dog650.jpg,2
dog651.jpg,2
dog652.jpg,2
dog653.jpg,2
dog654.jpg,2
dog655.jpg,2
dog656.jpg,2
dog657.jpg,2
dog658.jpg,2
dog659.jpg,2
dog660.jpg,2
dog661.jpg,2
dog662.jpg,2
dog663.jpg,2
dog664.jpg,2
dog665.jpg,2
dog666.jpg,2
dog667.jpg,2
dog668.jpg,2
dog669.jpg,2
dog670.jpg,2
dog671.jpg,2
dog672.jpg,2
dog673.jpg,2
dog674.jpg,2
dog675.jpg,2
dog676.jpg,2
dog677.jpg,2
dog678.jpg,2
dog679.jpg,2
dog680.jpg,2
dog681.jpg,2
dog682.jpg,2
dog683.jpg,2
dog684.jpg,2
dog685.jpg,2
dog686.jpg,2
dog687.jpg,2
dog688.jpg,2
dog689.jpg,2
dog690.jpg,2
dog691.jpg,2
dog692.jpg,2
dog693.jpg,2
dog694.jpg,2
dog695.jpg,2
dog696.jpg,2
dog697.jpg,2
dog698.jpg,2
dog699.jpg,2
dog700.jpg,2
dog701.jpg,2
dog702.jpg,2
dog703.jpg,2
dog704.jpg,2
dog705.jpg,2
dog706.jpg,2
dog707.jpg,2
dog708.jpg,2
dog709.jpg,2
dog710.jpg,2
dog711.jpg,2
dog712.jpg,2
dog713.jpg,2
dog714.jpg,2
dog715.jpg,2
dog716.jpg,2
dog717.jpg,2
dog718.jpg,2
dog719.jpg,2
dog720.jpg,2
dog721.jpg,2
dog722.jpg,2
dog723.jpg,2
dog724.jpg,2
dog725.jpg,2
dog726.jpg,2
dog727.jpg,2
dog728.jpg,2
dog729.jpg,2
dog730.jpg,2
dog731.jpg,2
dog732.jpg,2
dog733.jpg,2
dog734.jpg,2
dog735.jpg,2
dog736.jpg,2
dog737.jpg,2
dog738.jpg,2
dog739.jpg,2
dog740.jpg,2
dog741.jpg,2
dog742.jpg,2
dog743.jpg,2
dog744.jpg,2
dog745.jpg,2
dog746.jpg,2
dog747.jpg,2
dog748.jpg,2
dog749.jpg,2
dog750.jpg,2
dog751.jpg,2
dog752.jpg,2
dog753.jpg,2
dog754.jpg,2
dog755.jpg,2
dog756.jpg,2
dog757.jpg,2
dog758.jpg,2
dog759.jpg,2
dog760.jpg,2
dog761.jpg,2
dog762.jpg,2
dog763.jpg,2
dog764.jpg,2
dog765.jpg,2
dog766.jpg,2
dog767.jpg,2
dog768.jpg,2
dog769.jpg,2
dog770.jpg,2
dog771.jpg,2
dog772.jpg,2
dog773.jpg,2
dog774.jpg,2
dog775.jpg,2
dog776.jpg,2
dog777.jpg,2
dog778.jpg,2
dog779.jpg,2
dog780.jpg,2
dog781.jpg,2
dog782.jpg,2
dog783.jpg,2
dog784.jpg,2
dog785.jpg,2
dog786.jpg,2
dog787.jpg,2
dog788.jpg,2
dog789.jpg,2
dog790.jpg,2
dog791.jpg,2
dog792.jpg,2
dog793.jpg,2
dog794.jpg,2
dog795.jpg,2
dog796.jpg,2
dog797.jpg,2
dog798.jpg,2
dog799.jpg,2
dog800.jpg,2
dog801.jpg,2
dog802.jpg,2
dog803.jpg,2
dog804.jpg,2
dog805.jpg,2
dog806.jpg,2
dog807.jpg,2
dog808.jpg,2
dog809.jpg,2
dog810.jpg,2
dog811.jpg,2
dog812.jpg,2
dog813.jpg,2
dog814.jpg,2
dog815.jpg,2
dog816.jpg,2
dog817.jpg,2
dog818.jpg,2
dog819.jpg,2
dog820.jpg,2
dog821.jpg,2
dog822.jpg,2
dog823.jpg,2
dog824.jpg,2
dog825.jpg,2
dog826.jpg,2
dog827.jpg,2
dog828.jpg,2
dog829.jpg,2
dog830.jpg,2
dog831.jpg,2
dog832.jpg,2
dog833.jpg,2
dog834.jpg,2
dog835.jpg,2
dog836.jpg,2
dog837.jpg,2
dog838.jpg,2
dog839.jpg,2
dog840.jpg,2
dog841.jpg,2
dog842.jpg,2
dog843.jpg,2
dog844.jpg,2
dog845.jpg,2
dog846.jpg,2
dog847.jpg,2
dog848.jpg,2
dog849.jpg,2
dog850.jpg,2
dog851.jpg,2
dog852.jpg,2
dog853.jpg,2
dog854.jpg,2
dog855.jpg,2
dog856.jpg,2
dog857.jpg,2
dog858.jpg,2
dog859.jpg,2
dog860.jpg,2
dog861.jpg,2
dog862.jpg,2
dog863.jpg,2
dog864.jpg,2
dog865.jpg,2
dog866.jpg,2
dog867.jpg,2
dog868.jpg,2
dog869.jpg,2
dog870.jpg,2
dog871.jpg,2
dog872.jpg,2
dog873.jpg,2
dog874.jpg,2
dog875.jpg,2
dog876.jpg,2
dog877.jpg,2
dog878.jpg,2
dog879.jpg,2
dog880.jpg,2
dog881.jpg,2
dog882.jpg,2
dog883.jpg,2
dog884.jpg,2
dog885.jpg,2
dog886.jpg,2
dog887.jpg,2
dog888.jpg,2
dog889.jpg,2
dog890.jpg,2
dog891.jpg,2
dog892.jpg,2
dog893.jpg,2
dog894.jpg,2
dog895.jpg,2
dog896.jpg,2
dog897.jpg,2
dog898.jpg,2
dog899.jpg,2
dog900.jpg,2
dog901.jpg,2
dog902.jpg,2
dog903.jpg,2
dog904.jpg,2
dog905.jpg,2
dog906.jpg,2
dog907.jpg,2
dog908.jpg,2
dog909.jpg,2
dog910.jpg,2
dog911.jpg,2
dog912.jpg,2
dog913.jpg,2
dog914.jpg,2
dog915.jpg,2
dog916.jpg,2
dog917.jpg,2
dog918.jpg,2
dog919.jpg,2
dog920.jpg,2
dog921.jpg,2
dog922.jpg,2
dog923.jpg,2
dog924.jpg,2
dog925.jpg,2
dog926.jpg,2
dog927.jpg,2
dog928.jpg,2
dog929.jpg,2
dog930.jpg,2
dog931.jpg,2
dog932.jpg,2
dog933.jpg,2
dog934.jpg,2
dog935.jpg,2
dog936.jpg,2
dog937.jpg,2
dog938.jpg,2
dog939.jpg,2
dog940.jpg,2
dog941.jpg,2
dog942.jpg,2
dog943.jpg,2
dog944.jpg,2
dog945.jpg,2
dog946.jpg,2
dog947.jpg,2
dog948.jpg,2
dog949.jpg,2
dog950.jpg,2
dog951.jpg,2
dog952.jpg,2
dog953.jpg,2
dog954.jpg,2
dog955.jpg,2
dog956.jpg,2
dog957.jpg,2
dog958.jpg,2
dog959.jpg,2
dog960.jpg,2
dog961.jpg,2
dog962.jpg,2
dog963.jpg,2
dog964.jpg,2
dog965.jpg,2
dog966.jpg,2
dog967.jpg,2
dog968.jpg,2
dog969.jpg,2
dog970.jpg,2
dog971.jpg,2
dog972.jpg,2
dog973.jpg,2
dog974.jpg,2
dog975.jpg,2
dog976.jpg,2
dog977.jpg,2
dog978.jpg,2
dog979.jpg,2
dog980.jpg,2
dog981.jpg,2
dog982.jpg,2
dog983.jpg,2
dog984.jpg,2
dog985.jpg,2
dog986.jpg,2
dog987.jpg,2
dog988.jpg,2
dog989.jpg,2
dog990.jpg,2
dog991.jpg,2
dog992.jpg,2
dog993.jpg,2
dog994.jpg,2
dog995.jpg,2
dog996.jpg,2
dog997.jpg,2
dog998.jpg,2
dog999.jpg,2
dog1000.jpg,2
drone1.jpg,1
drone2.jpg,1
drone3.jpg,1
drone4.jpg,1
drone5.jpg,1
drone6.jpg,1
drone7.jpg,1
drone8.jpg,1
drone9.jpg,1
drone10.jpg,1
drone11.jpg,1
drone12.jpg,1
drone13.jpg,1
drone14.jpg,1
drone15.jpg,1
drone16.jpg,1
drone17.jpg,1
drone18.jpg,1
drone19.jpg,1
drone20.jpg,1
drone21.jpg,1
drone22.jpg,1
drone23.jpg,1
drone24.jpg,1
drone25.jpg,1
drone26.jpg,1
drone27.jpg,1
drone28.jpg,1
drone29.jpg,1
drone30.jpg,1
drone31.jpg,1
drone32.jpg,1
drone33.jpg,1
drone34.jpg,1
drone35.jpg,1
drone36.jpg,1
drone37.jpg,1
drone38.jpg,1
drone39.jpg,1
drone40.jpg,1
drone41.jpg,1
drone42.jpg,1
drone43.jpg,1
drone44.jpg,1
drone45.jpg,1
drone46.jpg,1
drone47.jpg,1
drone48.jpg,1
drone49.jpg,1
drone50.jpg,1
drone51.jpg,1
drone52.jpg,1
drone53.jpg,1
drone54.jpg,1
drone55.jpg,1
drone56.jpg,1
drone57.jpg,1
drone58.jpg,1
drone59.jpg,1
drone60.jpg,1
drone61.jpg,1
drone62.jpg,1
drone63.jpg,1
drone64.jpg,1
drone65.jpg,1
drone66.jpg,1
drone67.jpg,1
drone68.jpg,1
drone69.jpg,1
drone70.jpg,1
drone71.jpg,1
drone72.jpg,1
drone73.jpg,1
drone74.jpg,1
drone75.jpg,1
drone76.jpg,1
drone77.jpg,1
drone78.jpg,1
drone79.jpg,1
drone80.jpg,1
drone81.jpg,1
drone82.jpg,1
drone83.jpg,1
drone84.jpg,1
drone85.jpg,1
drone86.jpg,1
drone87.jpg,1
drone88.jpg,1
drone89.jpg,1
drone90.jpg,1
drone91.jpg,1
drone92.jpg,1
drone93.jpg,1
drone94.jpg,1
drone95.jpg,1
drone96.jpg,1
drone97.jpg,1
drone98.jpg,1
drone99.jpg,1
drone100.jpg,1
drone101.jpg,1
drone102.jpg,1
drone103.jpg,1
drone104.jpg,1
drone105.jpg,1
drone106.jpg,1
drone107.jpg,1
drone108.jpg,1
drone109.jpg,1
drone110.jpg,1
drone111.jpg,1
drone112.jpg,1
drone113.jpg,1
drone114.jpg,1
drone115.jpg,1
drone116.jpg,1
drone117.jpg,1
drone118.jpg,1
drone119.jpg,1
drone120.jpg,1
drone121.jpg,1
drone122.jpg,1
drone123.jpg,1
drone124.jpg,1
drone125.jpg,1
drone126.jpg,1
drone127.jpg,1
drone128.jpg,1
drone129.jpg,1
drone130.jpg,1
drone131.jpg,1
drone132.jpg,1
drone133.jpg,1
drone134.jpg,1
drone135.jpg,1
drone136.jpg,1
drone137.jpg,1
drone138.jpg,1
drone139.jpg,1
drone140.jpg,1
drone141.jpg,1
drone142.jpg,1
drone143.jpg,1
drone144.jpg,1
drone145.jpg,1
drone146.jpg,1
drone147.jpg,1
drone148.jpg,1
drone149.jpg,1
drone150.jpg,1
drone151.jpg,1
drone152.jpg,1
drone153.jpg,1
drone154.jpg,1
drone155.jpg,1
drone156.jpg,1
drone157.jpg,1
drone158.jpg,1
drone159.jpg,1
drone160.jpg,1
drone161.jpg,1
drone162.jpg,1
drone163.jpg,1
drone164.jpg,1
drone165.jpg,1
drone166.jpg,1
drone167.jpg,1
drone168.jpg,1
drone169.jpg,1
drone170.jpg,1
drone171.jpg,1
drone172.jpg,1
drone173.jpg,1
drone174.jpg,1
drone175.jpg,1
drone176.jpg,1
drone177.jpg,1
drone178.jpg,1
drone179.jpg,1
drone180.jpg,1
drone181.jpg,1
drone182.jpg,1
drone183.jpg,1
drone184.jpg,1
drone185.jpg,1
drone186.jpg,1
drone187.jpg,1
drone188.jpg,1
drone189.jpg,1
drone190.jpg,1
drone191.jpg,1
drone192.jpg,1
drone193.jpg,1
drone194.jpg,1
drone195.jpg,1
drone196.jpg,1
drone197.jpg,1
drone198.jpg,1
drone199.jpg,1
drone200.jpg,1
drone201.jpg,1
drone202.jpg,1
drone203.jpg,1
drone204.jpg,1
drone205.jpg,1
drone206.jpg,1
drone207.jpg,1
drone208.jpg,1
drone209.jpg,1
drone210.jpg,1
drone211.jpg,1
drone212.jpg,1
drone213.jpg,1
drone214.jpg,1
drone215.jpg,1
drone216.jpg,1
drone217.jpg,1
drone218.jpg,1
drone219.jpg,1
drone220.jpg,1
drone221.jpg,1
drone222.jpg,1
drone223.jpg,1
drone224.jpg,1
drone225.jpg,1
drone226.jpg,1
drone227.jpg,1
drone228.jpg,1
drone229.jpg,1
drone230.jpg,1
drone231.jpg,1
drone232.jpg,1
drone233.jpg,1
drone234.jpg,1
drone235.jpg,1
drone236.jpg,1
drone237.jpg,1
drone238.jpg,1
drone239.jpg,1
drone240.jpg,1
drone241.jpg,1
drone242.jpg,1
drone243.jpg,1
drone244.jpg,1
drone245.jpg,1
drone246.jpg,1
drone247.jpg,1
drone248.jpg,1
drone249.jpg,1
drone250.jpg,1
drone251.jpg,1
drone252.jpg,1
drone253.jpg,1
drone254.jpg,1
drone255.jpg,1
drone256.jpg,1
drone257.jpg,1
drone258.jpg,1
drone259.jpg,1
drone260.jpg,1
drone261.jpg,1
drone262.jpg,1
drone263.jpg,1
drone264.jpg,1
drone265.jpg,1
drone266.jpg,1
drone267.jpg,1
drone268.jpg,1
drone269.jpg,1
drone270.jpg,1
drone271.jpg,1
drone272.jpg,1
drone273.jpg,1
drone274.jpg,1
drone275.jpg,1
drone276.jpg,1
drone277.jpg,1
drone278.jpg,1
drone279.jpg,1
drone280.jpg,1
drone281.jpg,1
drone282.jpg,1
drone283.jpg,1
drone284.jpg,1
drone285.jpg,1
drone286.jpg,1
drone287.jpg,1
drone288.jpg,1
drone289.jpg,1
drone290.jpg,1
drone291.jpg,1
drone292.jpg,1
drone293.jpg,1
drone294.jpg,1
drone295.jpg,1
drone296.jpg,1
drone297.jpg,1
drone298.jpg,1
drone299.jpg,1
drone300.jpg,1
drone301.jpg,1
drone302.jpg,1
drone303.jpg,1
drone304.jpg,1
drone305.jpg,1
drone306.jpg,1
drone307.jpg,1
drone308.jpg,1
drone309.jpg,1
drone310.jpg,1
drone311.jpg,1
drone312.jpg,1
drone313.jpg,1
drone314.jpg,1
drone315.jpg,1
drone316.jpg,1
drone317.jpg,1
drone318.jpg,1
drone319.jpg,1
drone320.jpg,1
drone321.jpg,1
drone322.jpg,1
drone323.jpg,1
drone324.jpg,1
drone325.jpg,1
drone326.jpg,1
drone327.jpg,1
drone328.jpg,1
drone329.jpg,1
drone330.jpg,1
drone331.jpg,1
drone332.jpg,1
drone333.jpg,1
drone334.jpg,1
drone335.jpg,1
drone336.jpg,1
drone337.jpg,1
drone338.jpg,1
drone339.jpg,1
drone340.jpg,1
drone341.jpg,1
drone342.jpg,1
drone343.jpg,1
drone344.jpg,1
drone345.jpg,1
drone346.jpg,1
drone347.jpg,1
drone348.jpg,1
drone349.jpg,1
drone350.jpg,1
drone351.jpg,1
drone352.jpg,1
drone353.jpg,1
drone354.jpg,1
drone355.jpg,1
drone356.jpg,1
drone357.jpg,1
drone358.jpg,1
drone359.jpg,1
drone360.jpg,1
drone361.jpg,1
drone362.jpg,1
drone363.jpg,1
drone364.jpg,1
drone365.jpg,1
drone366.jpg,1
drone367.jpg,1
drone368.jpg,1
drone369.jpg,1
drone370.jpg,1
drone371.jpg,1
drone372.jpg,1
drone373.jpg,1
drone374.jpg,1
drone375.jpg,1
drone376.jpg,1
drone377.jpg,1
drone378.jpg,1
drone379.jpg,1
drone380.jpg,1
drone381.jpg,1
drone382.jpg,1
drone383.jpg,1
drone384.jpg,1
drone385.jpg,1
drone386.jpg,1
drone387.jpg,1
drone388.jpg,1
drone389.jpg,1
drone390.jpg,1
drone391.jpg,1
drone392.jpg,1
drone393.jpg,1
drone394.jpg,1
drone395.jpg,1
drone396.jpg,1
drone397.jpg,1
drone398.jpg,1
drone399.jpg,1
drone400.jpg,1
drone401.jpg,1
drone402.jpg,1
drone403.jpg,1
drone404.jpg,1
drone405.jpg,1
drone406.jpg,1
drone407.jpg,1
drone408.jpg,1
drone409.jpg,1
drone410.jpg,1
drone411.jpg,1
drone412.jpg,1
drone413.jpg,1
drone414.jpg,1
drone415.jpg,1
drone416.jpg,1
drone417.jpg,1
drone418.jpg,1
drone419.jpg,1
drone420.jpg,1
drone421.jpg,1
drone422.jpg,1
drone423.jpg,1
drone424.jpg,1
drone425.jpg,1
drone426.jpg,1
drone427.jpg,1
drone428.jpg,1
drone429.jpg,1
drone430.jpg,1
drone431.jpg,1
drone432.jpg,1
drone433.jpg,1
drone434.jpg,1
drone435.jpg,1
drone436.jpg,1
drone437.jpg,1
drone438.jpg,1
drone439.jpg,1
drone440.jpg,1
drone441.jpg,1
drone442.jpg,1
drone443.jpg,1
drone444.jpg,1
drone445.jpg,1
drone446.jpg,1
drone447.jpg,1
drone448.jpg,1
drone449.jpg,1
drone450.jpg,1
drone451.jpg,1
drone452.jpg,1
drone453.jpg,1
drone454.jpg,1
drone455.jpg,1
drone456.jpg,1
drone457.jpg,1
drone458.jpg,1
drone459.jpg,1
drone460.jpg,1
drone461.jpg,1
drone462.jpg,1
drone463.jpg,1
drone464.jpg,1
drone465.jpg,1
drone466.jpg,1
drone467.jpg,1
drone468.jpg,1
drone469.jpg,1
drone470.jpg,1
drone471.jpg,1
drone472.jpg,1
drone473.jpg,1
drone474.jpg,1
drone475.jpg,1
drone476.jpg,1
drone477.jpg,1
drone478.jpg,1
drone479.jpg,1
drone480.jpg,1
drone481.jpg,1
drone482.jpg,1
drone483.jpg,1
drone484.jpg,1
drone485.jpg,1
drone486.jpg,1
drone487.jpg,1
drone488.jpg,1
drone489.jpg,1
drone490.jpg,1
drone491.jpg,1
drone492.jpg,1
drone493.jpg,1
drone494.jpg,1
drone495.jpg,1
drone496.jpg,1
drone497.jpg,1
drone498.jpg,1
drone499.jpg,1
drone500.jpg,1
drone501.jpg,1
drone502.jpg,1
drone503.jpg,1
drone504.jpg,1
drone505.jpg,1
drone506.jpg,1
drone507.jpg,1
drone508.jpg,1
drone509.jpg,1
drone510.jpg,1
drone511.jpg,1
drone512.jpg,1
drone513.jpg,1
drone514.jpg,1
drone515.jpg,1
drone516.jpg,1
drone517.jpg,1
drone518.jpg,1
drone519.jpg,1
drone520.jpg,1
drone521.jpg,1
drone522.jpg,1
drone523.jpg,1
drone524.jpg,1
drone525.jpg,1
drone526.jpg,1
drone527.jpg,1
drone528.jpg,1
drone529.jpg,1
drone530.jpg,1
drone531.jpg,1
drone532.jpg,1
drone533.jpg,1
drone534.jpg,1
drone535.jpg,1
drone536.jpg,1
drone537.jpg,1
drone538.jpg,1
drone539.jpg,1
drone540.jpg,1
drone541.jpg,1
drone542.jpg,1
drone543.jpg,1
drone544.jpg,1
drone545.jpg,1
drone546.jpg,1
drone547.jpg,1
drone548.jpg,1
drone549.jpg,1
drone550.jpg,1
drone551.jpg,1
drone552.jpg,1
drone553.jpg,1
drone554.jpg,1
drone555.jpg,1
drone556.jpg,1
drone557.jpg,1
drone558.jpg,1
drone559.jpg,1
drone560.jpg,1
drone561.jpg,1
drone562.jpg,1
drone563.jpg,1
drone564.jpg,1
drone565.jpg,1
drone566.jpg,1
drone567.jpg,1
drone568.jpg,1
drone569.jpg,1
drone570.jpg,1
drone571.jpg,1
drone572.jpg,1
drone573.jpg,1
drone574.jpg,1
drone575.jpg,1
drone576.jpg,1
drone577.jpg,1
drone578.jpg,1
drone579.jpg,1
drone580.jpg,1
drone581.jpg,1
drone582.jpg,1
drone583.jpg,1
drone584.jpg,1
drone585.jpg,1
drone586.jpg,1
drone587.jpg,1
drone588.jpg,1
drone589.jpg,1
drone590.jpg,1
drone591.jpg,1
drone592.jpg,1
drone593.jpg,1
drone594.jpg,1
drone595.jpg,1
drone596.jpg,1
drone597.jpg,1
drone598.jpg,1
drone599.jpg,1
drone600.jpg,1
drone601.jpg,1
drone602.jpg,1
drone603.jpg,1
drone604.jpg,1
drone605.jpg,1
drone606.jpg,1
drone607.jpg,1
drone608.jpg,1
drone609.jpg,1
drone610.jpg,1
drone611.jpg,1
drone612.jpg,1
drone613.jpg,1
drone614.jpg,1
drone615.jpg,1
drone616.jpg,1
drone617.jpg,1
drone618.jpg,1
drone619.jpg,1
drone620.jpg,1
drone621.jpg,1
drone622.jpg,1
drone623.jpg,1
drone624.jpg,1
drone625.jpg,1
drone626.jpg,1
drone627.jpg,1
drone628.jpg,1
drone629.jpg,1
drone630.jpg,1
drone631.jpg,1
drone632.jpg,1
drone633.jpg,1
drone634.jpg,1
drone635.jpg,1
drone636.jpg,1
drone637.jpg,1
drone638.jpg,1
drone639.jpg,1
drone640.jpg,1
drone641.jpg,1
drone642.jpg,1
drone643.jpg,1
drone644.jpg,1
drone645.jpg,1
drone646.jpg,1
drone647.jpg,1
drone648.jpg,1
drone649.jpg,1
drone650.jpg,1
drone651.jpg,1
drone652.jpg,1
drone653.jpg,1
drone654.jpg,1
drone655.jpg,1
drone656.jpg,1
drone657.jpg,1
drone658.jpg,1
drone659.jpg,1
drone660.jpg,1
drone661.jpg,1
drone662.jpg,1
drone663.jpg,1
drone664.jpg,1
drone665.jpg,1
drone666.jpg,1
drone667.jpg,1
drone668.jpg,1
drone669.jpg,1
drone670.jpg,1
drone671.jpg,1
drone672.jpg,1
drone673.jpg,1
drone674.jpg,1
drone675.jpg,1
drone676.jpg,1
drone677.jpg,1
drone678.jpg,1
drone679.jpg,1
drone680.jpg,1
drone681.jpg,1
drone682.jpg,1
drone683.jpg,1
drone684.jpg,1
drone685.jpg,1
drone686.jpg,1
drone687.jpg,1
drone688.jpg,1
drone689.jpg,1
drone690.jpg,1
drone691.jpg,1
drone692.jpg,1
drone693.jpg,1
drone694.jpg,1
drone695.jpg,1
drone696.jpg,1
drone697.jpg,1
drone698.jpg,1
drone699.jpg,1
drone700.jpg,1
drone701.jpg,1
drone702.jpg,1
drone703.jpg,1
drone704.jpg,1
drone705.jpg,1
drone706.jpg,1
drone707.jpg,1
drone708.jpg,1
drone709.jpg,1
drone710.jpg,1
drone711.jpg,1
drone712.jpg,1
drone713.jpg,1
drone714.jpg,1
drone715.jpg,1
drone716.jpg,1
drone717.jpg,1
drone718.jpg,1
drone719.jpg,1
drone720.jpg,1
drone721.jpg,1
drone722.jpg,1
drone723.jpg,1
drone724.jpg,1
drone725.jpg,1
drone726.jpg,1
drone727.jpg,1
drone728.jpg,1
drone729.jpg,1
drone730.jpg,1
drone731.jpg,1
drone732.jpg,1
drone733.jpg,1
drone734.jpg,1
drone735.jpg,1
drone736.jpg,1
drone737.jpg,1
drone738.jpg,1
drone739.jpg,1
drone740.jpg,1
drone741.jpg,1
drone742.jpg,1
drone743.jpg,1
drone744.jpg,1
drone745.jpg,1
drone746.jpg,1
drone747.jpg,1
drone748.jpg,1
drone749.jpg,1
drone750.jpg,1
drone751.jpg,1
drone752.jpg,1
drone753.jpg,1
drone754.jpg,1
drone755.jpg,1
drone756.jpg,1
drone757.jpg,1
drone758.jpg,1
drone759.jpg,1
drone760.jpg,1
drone761.jpg,1
drone762.jpg,1
drone763.jpg,1
drone764.jpg,1
drone765.jpg,1
drone766.jpg,1
drone767.jpg,1
drone768.jpg,1
drone769.jpg,1
drone770.jpg,1
drone771.jpg,1
drone772.jpg,1
drone773.jpg,1
drone774.jpg,1
drone775.jpg,1
drone776.jpg,1
drone777.jpg,1
drone778.jpg,1
drone779.jpg,1
drone780.jpg,1
drone781.jpg,1
drone782.jpg,1
drone783.jpg,1
drone784.jpg,1
drone785.jpg,1
drone786.jpg,1
drone787.jpg,1
drone788.jpg,1
drone789.jpg,1
drone790.jpg,1
drone791.jpg,1
drone792.jpg,1
drone793.jpg,1
drone794.jpg,1
drone795.jpg,1
drone796.jpg,1
drone797.jpg,1
drone798.jpg,1
drone799.jpg,1
drone800.jpg,1
drone801.jpg,1
drone802.jpg,1
drone803.jpg,1
drone804.jpg,1
drone805.jpg,1
drone806.jpg,1
drone807.jpg,1
drone808.jpg,1
drone809.jpg,1
drone810.jpg,1
drone811.jpg,1
drone812.jpg,1
drone813.jpg,1
drone814.jpg,1
drone815.jpg,1
drone816.jpg,1
drone817.jpg,1
drone818.jpg,1
drone819.jpg,1
drone820.jpg,1
drone821.jpg,1
drone822.jpg,1
drone823.jpg,1
drone824.jpg,1
drone825.jpg,1
drone826.jpg,1
drone827.jpg,1
drone828.jpg,1
drone829.jpg,1
drone830.jpg,1
drone831.jpg,1
drone832.jpg,1
drone833.jpg,1
drone834.jpg,1
drone835.jpg,1
drone836.jpg,1
drone837.jpg,1
drone838.jpg,1
drone839.jpg,1
drone840.jpg,1
drone841.jpg,1
drone842.jpg,1
drone843.jpg,1
drone844.jpg,1
drone845.jpg,1
drone846.jpg,1
drone847.jpg,1
drone848.jpg,1
drone849.jpg,1
drone850.jpg,1
drone851.jpg,1
drone852.jpg,1
drone853.jpg,1
drone854.jpg,1
drone855.jpg,1
drone856.jpg,1
drone857.jpg,1
drone858.jpg,1
drone859.jpg,1
drone860.jpg,1
drone861.jpg,1
drone862.jpg,1
drone863.jpg,1
drone864.jpg,1
drone865.jpg,1
drone866.jpg,1
drone867.jpg,1
drone868.jpg,1
drone869.jpg,1
drone870.jpg,1
drone871.jpg,1
drone872.jpg,1
drone873.jpg,1
drone874.jpg,1
drone875.jpg,1
drone876.jpg,1
drone877.jpg,1
drone878.jpg,1
drone879.jpg,1
drone880.jpg,1
drone881.jpg,1
drone882.jpg,1
drone883.jpg,1
drone884.jpg,1
drone885.jpg,1
drone886.jpg,1
drone887.jpg,1
drone888.jpg,1
drone889.jpg,1
drone890.jpg,1
drone891.jpg,1
drone892.jpg,1
drone893.jpg,1
drone894.jpg,1
drone895.jpg,1
drone896.jpg,1
drone897.jpg,1
drone898.jpg,1
drone899.jpg,1
drone900.jpg,1
drone901.jpg,1
drone902.jpg,1
drone903.jpg,1
drone904.jpg,1
drone905.jpg,1
drone906.jpg,1
drone907.jpg,1
drone908.jpg,1
drone909.jpg,1
drone910.jpg,1
drone911.jpg,1
drone912.jpg,1
drone913.jpg,1
drone914.jpg,1
drone915.jpg,1
drone916.jpg,1
drone917.jpg,1
drone918.jpg,1
drone919.jpg,1
drone920.jpg,1
drone921.jpg,1
drone922.jpg,1
drone923.jpg,1
drone924.jpg,1
drone925.jpg,1
drone926.jpg,1
drone927.jpg,1
drone928.jpg,1
drone929.jpg,1
drone930.jpg,1
drone931.jpg,1
drone932.jpg,1
drone933.jpg,1
drone934.jpg,1
drone935.jpg,1
drone936.jpg,1
drone937.jpg,1
drone938.jpg,1
drone939.jpg,1
drone940.jpg,1
drone941.jpg,1
drone942.jpg,1
drone943.jpg,1
drone944.jpg,1
drone945.jpg,1
drone946.jpg,1
drone947.jpg,1
drone948.jpg,1
drone949.jpg,1
drone950.jpg,1
drone951.jpg,1
drone952.jpg,1
drone953.jpg,1
drone954.jpg,1
drone955.jpg,1
drone956.jpg,1
drone957.jpg,1
drone958.jpg,1
drone959.jpg,1
drone960.jpg,1
drone961.jpg,1
drone962.jpg,1
drone963.jpg,1
drone964.jpg,1
drone965.jpg,1
drone966.jpg,1
drone967.jpg,1
drone968.jpg,1
drone969.jpg,1
drone970.jpg,1
drone971.jpg,1
drone972.jpg,1
drone973.jpg,1
drone974.jpg,1
drone975.jpg,1
drone976.jpg,1
drone977.jpg,1
drone978.jpg,1
drone979.jpg,1
drone980.jpg,1
drone981.jpg,1
drone982.jpg,1
drone983.jpg,1
drone984.jpg,1
drone985.jpg,1
drone986.jpg,1
drone987.jpg,1
drone988.jpg,1
drone989.jpg,1
drone990.jpg,1
drone991.jpg,1
drone992.jpg,1
drone993.jpg,1
drone994.jpg,1
drone995.jpg,1
drone996.jpg,1
drone997.jpg,1
drone998.jpg,1
drone999.jpg,1
drone1000.jpg,1
person1.jpg,2
person2.jpg,2
person3.jpg,2
person4.jpg,2
person5.jpg,2
person6.jpg,2
person7.jpg,2
person8.jpg,2
person9.jpg,2
person10.jpg,2
person11.jpg,2
person12.jpg,2
person13.jpg,2
person14.jpg,2
person15.jpg,2
person16.jpg,2
person17.jpg,2
person18.jpg,2
person19.jpg,2
person20.jpg,2
person21.jpg,2
person22.jpg,2
person23.jpg,2
person24.jpg,2
person25.jpg,2
person26.jpg,2
person27.jpg,2
person28.jpg,2
person29.jpg,2
person30.jpg,2
person31.jpg,2
person32.jpg,2
person33.jpg,2
person34.jpg,2
person35.jpg,2
person36.jpg,2
person37.jpg,2
person38.jpg,2
person39.jpg,2
person40.jpg,2
person41.jpg,2
person42.jpg,2
person43.jpg,2
person44.jpg,2
person45.jpg,2
person46.jpg,2
person47.jpg,2
person48.jpg,2
person49.jpg,2
person50.jpg,2
person51.jpg,2
person52.jpg,2
person53.jpg,2
person54.jpg,2
person55.jpg,2
person56.jpg,2
person57.jpg,2
person58.jpg,2
person59.jpg,2
person60.jpg,2
person61.jpg,2
person62.jpg,2
person63.jpg,2
person64.jpg,2
person65.jpg,2
person66.jpg,2
person67.jpg,2
person68.jpg,2
person69.jpg,2
person70.jpg,2
person71.jpg,2
person72.jpg,2
person73.jpg,2
person74.jpg,2
person75.jpg,2
person76.jpg,2
person77.jpg,2
person78.jpg,2
person79.jpg,2
person80.jpg,2
person81.jpg,2
person82.jpg,2
person83.jpg,2
person84.jpg,2
person85.jpg,2
person86.jpg,2
person87.jpg,2
person88.jpg,2
person89.jpg,2
person90.jpg,2
person91.jpg,2
person92.jpg,2
person93.jpg,2
person94.jpg,2
person95.jpg,2
person96.jpg,2
person97.jpg,2
person98.jpg,2
person99.jpg,2
person100.jpg,2
person101.jpg,2
person102.jpg,2
person103.jpg,2
person104.jpg,2
person105.jpg,2
person106.jpg,2
person107.jpg,2
person108.jpg,2
person109.jpg,2
person110.jpg,2
person111.jpg,2
person112.jpg,2
person113.jpg,2
person114.jpg,2
person115.jpg,2
person116.jpg,2
person117.jpg,2
person118.jpg,2
person119.jpg,2
person120.jpg,2
person121.jpg,2
person122.jpg,2
person123.jpg,2
person124.jpg,2
person125.jpg,2
person126.jpg,2
person127.jpg,2
person128.jpg,2
person129.jpg,2
person130.jpg,2
person131.jpg,2
person132.jpg,2
person133.jpg,2
person134.jpg,2
person135.jpg,2
person136.jpg,2
person137.jpg,2
person138.jpg,2
person139.jpg,2
person140.jpg,2
person141.jpg,2
person142.jpg,2
person143.jpg,2
person144.jpg,2
person145.jpg,2
person146.jpg,2
person147.jpg,2
person148.jpg,2
person149.jpg,2
person150.jpg,2
person151.jpg,2
person152.jpg,2
person153.jpg,2
person154.jpg,2
person155.jpg,2
person156.jpg,2
person157.jpg,2
person158.jpg,2
person159.jpg,2
person160.jpg,2
person161.jpg,2
person162.jpg,2
person163.jpg,2
person164.jpg,2
person165.jpg,2
person166.jpg,2
person167.jpg,2
person168.jpg,2
person169.jpg,2
person170.jpg,2
person171.jpg,2
person172.jpg,2
person173.jpg,2
person174.jpg,2
person175.jpg,2
person176.jpg,2
person177.jpg,2
person178.jpg,2
person179.jpg,2
person180.jpg,2
person181.jpg,2
person182.jpg,2
person183.jpg,2
person184.jpg,2
person185.jpg,2
person186.jpg,2
person187.jpg,2
person188.jpg,2
person189.jpg,2
person190.jpg,2
person191.jpg,2
person192.jpg,2
person193.jpg,2
person194.jpg,2
person195.jpg,2
person196.jpg,2
person197.jpg,2
person198.jpg,2
person199.jpg,2
person200.jpg,2
person201.jpg,2
person202.jpg,2
person203.jpg,2
person204.jpg,2
person205.jpg,2
person206.jpg,2
person207.jpg,2
person208.jpg,2
person209.jpg,2
person210.jpg,2
person211.jpg,2
person212.jpg,2
person213.jpg,2
person214.jpg,2
person215.jpg,2
person216.jpg,2
person217.jpg,2
person218.jpg,2
person219.jpg,2
person220.jpg,2
person221.jpg,2
person222.jpg,2
person223.jpg,2
person224.jpg,2
person225.jpg,2
person226.jpg,2
person227.jpg,2
person228.jpg,2
person229.jpg,2
person230.jpg,2
person231.jpg,2
person232.jpg,2
person233.jpg,2
person234.jpg,2
person235.jpg,2
person236.jpg,2
person237.jpg,2
person238.jpg,2
person239.jpg,2
person240.jpg,2
person241.jpg,2
person242.jpg,2
person243.jpg,2
person244.jpg,2
person245.jpg,2
person246.jpg,2
person247.jpg,2
person248.jpg,2
person249.jpg,2
person250.jpg,2
person251.jpg,2
person252.jpg,2
person253.jpg,2
person254.jpg,2
person255.jpg,2
person256.jpg,2
person257.jpg,2
person258.jpg,2
person259.jpg,2
person260.jpg,2
person261.jpg,2
person262.jpg,2
person263.jpg,2
person264.jpg,2
person265.jpg,2
person266.jpg,2
person267.jpg,2
person268.jpg,2
person269.jpg,2
person270.jpg,2
person271.jpg,2
person272.jpg,2
person273.jpg,2
person274.jpg,2
person275.jpg,2
person276.jpg,2
person277.jpg,2
person278.jpg,2
person279.jpg,2
person280.jpg,2
person281.jpg,2
person282.jpg,2
person283.jpg,2
person284.jpg,2
person285.jpg,2
person286.jpg,2
person287.jpg,2
person288.jpg,2
person289.jpg,2
person290.jpg,2
person291.jpg,2
person292.jpg,2
person293.jpg,2
person294.jpg,2
person295.jpg,2
person296.jpg,2
person297.jpg,2
person298.jpg,2
person299.jpg,2
person300.jpg,2
person301.jpg,2
person302.jpg,2
person303.jpg,2
person304.jpg,2
person305.jpg,2
person306.jpg,2
person307.jpg,2
person308.jpg,2
person309.jpg,2
person310.jpg,2
person311.jpg,2
person312.jpg,2
person313.jpg,2
person314.jpg,2
person315.jpg,2
person316.jpg,2
person317.jpg,2
person318.jpg,2
person319.jpg,2
person320.jpg,2
person321.jpg,2
person322.jpg,2
person323.jpg,2
person324.jpg,2
person325.jpg,2
person326.jpg,2
person327.jpg,2
person328.jpg,2
person329.jpg,2
person330.jpg,2
person331.jpg,2
person332.jpg,2
person333.jpg,2
person334.jpg,2
person335.jpg,2
person336.jpg,2
person337.jpg,2
person338.jpg,2
person339.jpg,2
person340.jpg,2
person341.jpg,2
person342.jpg,2
person343.jpg,2
person344.jpg,2
person345.jpg,2
person346.jpg,2
person347.jpg,2
person348.jpg,2
person349.jpg,2
person350.jpg,2
person351.jpg,2
person352.jpg,2
person353.jpg,2
person354.jpg,2
person355.jpg,2
person356.jpg,2
person357.jpg,2
person358.jpg,2
person359.jpg,2
person360.jpg,2
person361.jpg,2
person362.jpg,2
person363.jpg,2
person364.jpg,2
person365.jpg,2
person366.jpg,2
person367.jpg,2
person368.jpg,2
person369.jpg,2
person370.jpg,2
person371.jpg,2
person372.jpg,2
person373.jpg,2
person374.jpg,2
person375.jpg,2
person376.jpg,2
person377.jpg,2
person378.jpg,2
person379.jpg,2
person380.jpg,2
person381.jpg,2
person382.jpg,2
person383.jpg,2
person384.jpg,2
person385.jpg,2
person386.jpg,2
person387.jpg,2
person388.jpg,2
person389.jpg,2
person390.jpg,2
person391.jpg,2
person392.jpg,2
person393.jpg,2
person394.jpg,2
person395.jpg,2
person396.jpg,2
person397.jpg,2
person398.jpg,2
person399.jpg,2
person400.jpg,2
person401.jpg,2
person402.jpg,2
person403.jpg,2
person404.jpg,2
person405.jpg,2
person406.jpg,2
person407.jpg,2
person408.jpg,2
person409.jpg,2
person410.jpg,2
person411.jpg,2
person412.jpg,2
person413.jpg,2
person414.jpg,2
person415.jpg,2
person416.jpg,2
person417.jpg,2
person418.jpg,2
person419.jpg,2
person420.jpg,2
person421.jpg,2
person422.jpg,2
person423.jpg,2
person424.jpg,2
person425.jpg,2
person426.jpg,2
person427.jpg,2
person428.jpg,2
person429.jpg,2
person430.jpg,2
person431.jpg,2
person432.jpg,2
person433.jpg,2
person434.jpg,2
person435.jpg,2
person436.jpg,2
person437.jpg,2
person438.jpg,2
person439.jpg,2
person440.jpg,2
person441.jpg,2
person442.jpg,2
person443.jpg,2
person444.jpg,2
person445.jpg,2
person446.jpg,2
person447.jpg,2
person448.jpg,2
person449.jpg,2
person450.jpg,2
person451.jpg,2
person452.jpg,2
person453.jpg,2
person454.jpg,2
person455.jpg,2
person456.jpg,2
person457.jpg,2
person458.jpg,2
person459.jpg,2
person460.jpg,2
person461.jpg,2
person462.jpg,2
person463.jpg,2
person464.jpg,2
person465.jpg,2
person466.jpg,2
person467.jpg,2
person468.jpg,2
person469.jpg,2
person470.jpg,2
person471.jpg,2
person472.jpg,2
person473.jpg,2
person474.jpg,2
person475.jpg,2
person476.jpg,2
person477.jpg,2
person478.jpg,2
person479.jpg,2
person480.jpg,2
person481.jpg,2
person482.jpg,2
person483.jpg,2
person484.jpg,2
person485.jpg,2
person486.jpg,2
person487.jpg,2
person488.jpg,2
person489.jpg,2
person490.jpg,2
person491.jpg,2
person492.jpg,2
person493.jpg,2
person494.jpg,2
person495.jpg,2
person496.jpg,2
person497.jpg,2
person498.jpg,2
person499.jpg,2
person500.jpg,2
person501.jpg,2
person502.jpg,2
person503.jpg,2
person504.jpg,2
person505.jpg,2
person506.jpg,2
person507.jpg,2
person508.jpg,2
person509.jpg,2
person510.jpg,2
person511.jpg,2
person512.jpg,2
person513.jpg,2
person514.jpg,2
person515.jpg,2
person516.jpg,2
person517.jpg,2
person518.jpg,2
person519.jpg,2
person520.jpg,2
person521.jpg,2
person522.jpg,2
person523.jpg,2
person524.jpg,2
person525.jpg,2
person526.jpg,2
person527.jpg,2
person528.jpg,2
person529.jpg,2
person530.jpg,2
person531.jpg,2
person532.jpg,2
person533.jpg,2
person534.jpg,2
person535.jpg,2
person536.jpg,2
person537.jpg,2
person538.jpg,2
person539.jpg,2
person540.jpg,2
person541.jpg,2
person542.jpg,2
person543.jpg,2
person544.jpg,2
person545.jpg,2
person546.jpg,2
person547.jpg,2
person548.jpg,2
person549.jpg,2
person550.jpg,2
person551.jpg,2
person552.jpg,2
person553.jpg,2
person554.jpg,2
person555.jpg,2
person556.jpg,2
person557.jpg,2
person558.jpg,2
person559.jpg,2
person560.jpg,2
person561.jpg,2
person562.jpg,2
person563.jpg,2
person564.jpg,2
person565.jpg,2
person566.jpg,2
person567.jpg,2
person568.jpg,2
person569.jpg,2
person570.jpg,2
person571.jpg,2
person572.jpg,2
person573.jpg,2
person574.jpg,2
person575.jpg,2
person576.jpg,2
person577.jpg,2
person578.jpg,2
person579.jpg,2
person580.jpg,2
person581.jpg,2
person582.jpg,2
person583.jpg,2
person584.jpg,2
person585.jpg,2
person586.jpg,2
person587.jpg,2
person588.jpg,2
person589.jpg,2
person590.jpg,2
person591.jpg,2
person592.jpg,2
person593.jpg,2
person594.jpg,2
person595.jpg,2
person596.jpg,2
person597.jpg,2
person598.jpg,2
person599.jpg,2
person600.jpg,2
person601.jpg,2
person602.jpg,2
person603.jpg,2
person604.jpg,2
person605.jpg,2
person606.jpg,2
person607.jpg,2
person608.jpg,2
person609.jpg,2
person610.jpg,2
person611.jpg,2
person612.jpg,2
person613.jpg,2
person614.jpg,2
person615.jpg,2
person616.jpg,2
person617.jpg,2
person618.jpg,2
person619.jpg,2
person620.jpg,2
person621.jpg,2
person622.jpg,2
person623.jpg,2
person624.jpg,2
person625.jpg,2
person626.jpg,2
person627.jpg,2
person628.jpg,2
person629.jpg,2
person630.jpg,2
person631.jpg,2
person632.jpg,2
person633.jpg,2
person634.jpg,2
person635.jpg,2
person636.jpg,2
person637.jpg,2
person638.jpg,2
person639.jpg,2
person640.jpg,2
person641.jpg,2
person642.jpg,2
person643.jpg,2
person644.jpg,2
person645.jpg,2
person646.jpg,2
person647.jpg,2
person648.jpg,2
person649.jpg,2
person650.jpg,2
person651.jpg,2
person652.jpg,2
person653.jpg,2
person654.jpg,2
person655.jpg,2
person656.jpg,2
person657.jpg,2
person658.jpg,2
person659.jpg,2
person660.jpg,2
person661.jpg,2
person662.jpg,2
person663.jpg,2
person664.jpg,2
person665.jpg,2
person666.jpg,2
person667.jpg,2
person668.jpg,2
person669.jpg,2
person670.jpg,2
person671.jpg,2
person672.jpg,2
person673.jpg,2
person674.jpg,2
person675.jpg,2
person676.jpg,2
person677.jpg,2
person678.jpg,2
person679.jpg,2
person680.jpg,2
person681.jpg,2
person682.jpg,2
person683.jpg,2
person684.jpg,2
person685.jpg,2
person686.jpg,2
person687.jpg,2
person688.jpg,2
person689.jpg,2
person690.jpg,2
person691.jpg,2
person692.jpg,2
person693.jpg,2
person694.jpg,2
person695.jpg,2
person696.jpg,2
person697.jpg,2
person698.jpg,2
person699.jpg,2
person700.jpg,2
person701.jpg,2
person702.jpg,2
person703.jpg,2
person704.jpg,2
person705.jpg,2
person706.jpg,2
person707.jpg,2
person708.jpg,2
person709.jpg,2
person710.jpg,2
person711.jpg,2
person712.jpg,2
person713.jpg,2
person714.jpg,2
person715.jpg,2
person716.jpg,2
person717.jpg,2
person718.jpg,2
person719.jpg,2
person720.jpg,2
person721.jpg,2
person722.jpg,2
person723.jpg,2
person724.jpg,2
person725.jpg,2
person726.jpg,2
person727.jpg,2
person728.jpg,2
person729.jpg,2
person730.jpg,2
person731.jpg,2
person732.jpg,2
person733.jpg,2
person734.jpg,2
person735.jpg,2
person736.jpg,2
person737.jpg,2
person738.jpg,2
person739.jpg,2
person740.jpg,2
person741.jpg,2
person742.jpg,2
person743.jpg,2
person744.jpg,2
person745.jpg,2
person746.jpg,2
person747.jpg,2
person748.jpg,2
person749.jpg,2
person750.jpg,2
person751.jpg,2
person752.jpg,2
person753.jpg,2
person754.jpg,2
person755.jpg,2
person756.jpg,2
person757.jpg,2
person758.jpg,2
person759.jpg,2
person760.jpg,2
person761.jpg,2
person762.jpg,2
person763.jpg,2
person764.jpg,2
person765.jpg,2
person766.jpg,2
person767.jpg,2
person768.jpg,2
person769.jpg,2
person770.jpg,2
person771.jpg,2
person772.jpg,2
person773.jpg,2
person774.jpg,2
person775.jpg,2
person776.jpg,2
person777.jpg,2
person778.jpg,2
person779.jpg,2
person780.jpg,2
person781.jpg,2
person782.jpg,2
person783.jpg,2
person784.jpg,2
person785.jpg,2
person786.jpg,2
person787.jpg,2
person788.jpg,2
person789.jpg,2
person790.jpg,2
person791.jpg,2
person792.jpg,2
person793.jpg,2
person794.jpg,2
person795.jpg,2
person796.jpg,2
person797.jpg,2
person798.jpg,2
person799.jpg,2
person800.jpg,2
person801.jpg,2
person802.jpg,2
person803.jpg,2
person804.jpg,2
person805.jpg,2
person806.jpg,2
person807.jpg,2
person808.jpg,2
person809.jpg,2
person810.jpg,2
person811.jpg,2
person812.jpg,2
person813.jpg,2
person814.jpg,2
person815.jpg,2
person816.jpg,2
person817.jpg,2
person818.jpg,2
person819.jpg,2
person820.jpg,2
person821.jpg,2
person822.jpg,2
person823.jpg,2
person824.jpg,2
person825.jpg,2
person826.jpg,2
person827.jpg,2
person828.jpg,2
person829.jpg,2
person830.jpg,2
person831.jpg,2
person832.jpg,2
person833.jpg,2
person834.jpg,2
person835.jpg,2
person836.jpg,2
person837.jpg,2
person838.jpg,2
person839.jpg,2
person840.jpg,2
person841.jpg,2
person842.jpg,2
person843.jpg,2
person844.jpg,2
person845.jpg,2
person846.jpg,2
person847.jpg,2
person848.jpg,2
person849.jpg,2
person850.jpg,2
person851.jpg,2
person852.jpg,2
person853.jpg,2
person854.jpg,2
person855.jpg,2
person856.jpg,2
person857.jpg,2
person858.jpg,2
person859.jpg,2
person860.jpg,2
person861.jpg,2
person862.jpg,2
person863.jpg,2
person864.jpg,2
person865.jpg,2
person866.jpg,2
person867.jpg,2
person868.jpg,2
person869.jpg,2
person870.jpg,2
person871.jpg,2
person872.jpg,2
person873.jpg,2
person874.jpg,2
person875.jpg,2
person876.jpg,2
person877.jpg,2
person878.jpg,2
person879.jpg,2
person880.jpg,2
person881.jpg,2
person882.jpg,2
person883.jpg,2
person884.jpg,2
person885.jpg,2
person886.jpg,2
person887.jpg,2
person888.jpg,2
person889.jpg,2
person890.jpg,2
person891.jpg,2
person892.jpg,2
person893.jpg,2
person894.jpg,2
person895.jpg,2
person896.jpg,2
person897.jpg,2
person898.jpg,2
person899.jpg,2
person900.jpg,2
person901.jpg,2
person902.jpg,2
person903.jpg,2
person904.jpg,2
person905.jpg,2
person906.jpg,2
person907.jpg,2
person908.jpg,2
person909.jpg,2
person910.jpg,2
person911.jpg,2
person912.jpg,2
person913.jpg,2
person914.jpg,2
person915.jpg,2
person916.jpg,2
person917.jpg,2
person918.jpg,2
person919.jpg,2
person920.jpg,2
person921.jpg,2
person922.jpg,2
person923.jpg,2
person924.jpg,2
person925.jpg,2
person926.jpg,2
person927.jpg,2
person928.jpg,2
person929.jpg,2
person930.jpg,2
person931.jpg,2
person932.jpg,2
person933.jpg,2
person934.jpg,2
person935.jpg,2
person936.jpg,2
person937.jpg,2
person938.jpg,2
person939.jpg,2
person940.jpg,2
person941.jpg,2
person942.jpg,2
person943.jpg,2
person944.jpg,2
person945.jpg,2
person946.jpg,2
person947.jpg,2
person948.jpg,2
person949.jpg,2
person950.jpg,2
person951.jpg,2
person952.jpg,2
person953.jpg,2
person954.jpg,2
person955.jpg,2
person956.jpg,2
person957.jpg,2
person958.jpg,2
person959.jpg,2
person960.jpg,2
person961.jpg,2
person962.jpg,2
person963.jpg,2
person964.jpg,2
person965.jpg,2
person966.jpg,2
person967.jpg,2
person968.jpg,2
person969.jpg,2
person970.jpg,2
person971.jpg,2
person972.jpg,2
person973.jpg,2
person974.jpg,2
person975.jpg,2
person976.jpg,2
person977.jpg,2
person978.jpg,2
person979.jpg,2
person980.jpg,2
person981.jpg,2
person982.jpg,2
person983.jpg,2
person984.jpg,2
person985.jpg,2
person986.jpg,2
person987.jpg,2
person988.jpg,2
person989.jpg,2
person990.jpg,2
person991.jpg,2
person992.jpg,2
person993.jpg,2
person994.jpg,2
person995.jpg,2
person996.jpg,2
person997.jpg,2
person998.jpg,2
person999.jpg,2
person1000.jpg,2
pikachu1.jpg,0
pikachu2.jpg,0
pikachu3.jpg,0
pikachu4.jpg,0
pikachu5.jpg,0
pikachu6.jpg,0
pikachu7.jpg,0
pikachu8.jpg,0
pikachu9.jpg,0
pikachu10.jpg,0
pikachu11.jpg,0
pikachu12.jpg,0
pikachu13.jpg,0
pikachu14.jpg,0
pikachu15.jpg,0
pikachu16.jpg,0
pikachu17.jpg,0
pikachu18.jpg,0
pikachu19.jpg,0
pikachu20.jpg,0
pikachu21.jpg,0
pikachu22.jpg,0
pikachu23.jpg,0
pikachu24.jpg,0
pikachu25.jpg,0
pikachu26.jpg,0
pikachu27.jpg,0
pikachu28.jpg,0
pikachu29.jpg,0
pikachu30.jpg,0
pikachu31.jpg,0
pikachu32.jpg,0
pikachu33.jpg,0
pikachu34.jpg,0
pikachu35.jpg,0
pikachu36.jpg,0
pikachu37.jpg,0
pikachu38.jpg,0
pikachu39.jpg,0
pikachu40.jpg,0
pikachu41.jpg,0
pikachu42.jpg,0
pikachu43.jpg,0
pikachu44.jpg,0
pikachu45.jpg,0
pikachu46.jpg,0
pikachu47.jpg,0
pikachu48.jpg,0
pikachu49.jpg,0
pikachu50.jpg,0
pikachu51.jpg,0
pikachu52.jpg,0
pikachu53.jpg,0
pikachu54.jpg,0
pikachu55.jpg,0
pikachu56.jpg,0
pikachu57.jpg,0
pikachu58.jpg,0
pikachu59.jpg,0
pikachu60.jpg,0
pikachu61.jpg,0
pikachu62.jpg,0
pikachu63.jpg,0
pikachu64.jpg,0
pikachu65.jpg,0
pikachu66.jpg,0
pikachu67.jpg,0
pikachu68.jpg,0
pikachu69.jpg,0
pikachu70.jpg,0
pikachu71.jpg,0
pikachu72.jpg,0
pikachu73.jpg,0
pikachu74.jpg,0
pikachu75.jpg,0
pikachu76.jpg,0
pikachu77.jpg,0
pikachu78.jpg,0
pikachu79.jpg,0
pikachu80.jpg,0
pikachu81.jpg,0
pikachu82.jpg,0
pikachu83.jpg,0
pikachu84.jpg,0
pikachu85.jpg,0
pikachu86.jpg,0
pikachu87.jpg,0
pikachu88.jpg,0
pikachu89.jpg,0
pikachu90.jpg,0
pikachu91.jpg,0
pikachu92.jpg,0
pikachu93.jpg,0
pikachu94.jpg,0
pikachu95.jpg,0
pikachu96.jpg,0
pikachu97.jpg,0
pikachu98.jpg,0
pikachu99.jpg,0
pikachu100.jpg,0
pikachu101.jpg,0
pikachu102.jpg,0
pikachu103.jpg,0
pikachu104.jpg,0
pikachu105.jpg,0
pikachu106.jpg,0
pikachu107.jpg,0
pikachu108.jpg,0
pikachu109.jpg,0
pikachu110.jpg,0
pikachu111.jpg,0
pikachu112.jpg,0
pikachu113.jpg,0
pikachu114.jpg,0
pikachu115.jpg,0
pikachu116.jpg,0
pikachu117.jpg,0
pikachu118.jpg,0
pikachu119.jpg,0
pikachu120.jpg,0
pikachu121.jpg,0
pikachu122.jpg,0
pikachu123.jpg,0
pikachu124.jpg,0
pikachu125.jpg,0
pikachu126.jpg,0
pikachu127.jpg,0
pikachu128.jpg,0
pikachu129.jpg,0
pikachu130.jpg,0
pikachu131.jpg,0
pikachu132.jpg,0
pikachu133.jpg,0
pikachu134.jpg,0
pikachu135.jpg,0
pikachu136.jpg,0
pikachu137.jpg,0
pikachu138.jpg,0
pikachu139.jpg,0
pikachu140.jpg,0
pikachu141.jpg,0
pikachu142.jpg,0
pikachu143.jpg,0
pikachu144.jpg,0
pikachu145.jpg,0
pikachu146.jpg,0
pikachu147.jpg,0
pikachu148.jpg,0
pikachu149.jpg,0
pikachu150.jpg,0
pikachu151.jpg,0
pikachu152.jpg,0
pikachu153.jpg,0
pikachu154.jpg,0
pikachu155.jpg,0
pikachu156.jpg,0
pikachu157.jpg,0
pikachu158.jpg,0
pikachu159.jpg,0
pikachu160.jpg,0
pikachu161.jpg,0
pikachu162.jpg,0
pikachu163.jpg,0
pikachu164.jpg,0
pikachu165.jpg,0
pikachu166.jpg,0
pikachu167.jpg,0
pikachu168.jpg,0
pikachu169.jpg,0
pikachu170.jpg,0
pikachu171.jpg,0
pikachu172.jpg,0
pikachu173.jpg,0
pikachu174.jpg,0
pikachu175.jpg,0
pikachu176.jpg,0
pikachu177.jpg,0
pikachu178.jpg,0
pikachu179.jpg,0
pikachu180.jpg,0
pikachu181.jpg,0
pikachu182.jpg,0
pikachu183.jpg,0
pikachu184.jpg,0
pikachu185.jpg,0
pikachu186.jpg,0
pikachu187.jpg,0
pikachu188.jpg,0
pikachu189.jpg,0
pikachu190.jpg,0
pikachu191.jpg,0
pikachu192.jpg,0
pikachu193.jpg,0
pikachu194.jpg,0
pikachu195.jpg,0
pikachu196.jpg,0
pikachu197.jpg,0
pikachu198.jpg,0
pikachu199.jpg,0
pikachu200.jpg,0
pikachu201.jpg,0
pikachu202.jpg,0
pikachu203.jpg,0
pikachu204.jpg,0
pikachu205.jpg,0
pikachu206.jpg,0
pikachu207.jpg,0
pikachu208.jpg,0
pikachu209.jpg,0
pikachu210.jpg,0
pikachu211.jpg,0
pikachu212.jpg,0
pikachu213.jpg,0
pikachu214.jpg,0
pikachu215.jpg,0
pikachu216.jpg,0
pikachu217.jpg,0
pikachu218.jpg,0
pikachu219.jpg,0
pikachu220.jpg,0
pikachu221.jpg,0
pikachu222.jpg,0
pikachu223.jpg,0
pikachu224.jpg,0
pikachu225.jpg,0
pikachu226.jpg,0
pikachu227.jpg,0
pikachu228.jpg,0
pikachu229.jpg,0
pikachu230.jpg,0
pikachu231.jpg,0
pikachu232.jpg,0
pikachu233.jpg,0
pikachu234.jpg,0
pikachu235.jpg,0
pikachu236.jpg,0
pikachu237.jpg,0
pikachu238.jpg,0
pikachu239.jpg,0
pikachu240.jpg,0
pikachu241.jpg,0
pikachu242.jpg,0
pikachu243.jpg,0
pikachu244.jpg,0
pikachu245.jpg,0
pikachu246.jpg,0
pikachu247.jpg,0
pikachu248.jpg,0
pikachu249.jpg,0
pikachu250.jpg,0
pikachu251.jpg,0
pikachu252.jpg,0
pikachu253.jpg,0
pikachu254.jpg,0
pikachu255.jpg,0
pikachu256.jpg,0
pikachu257.jpg,0
pikachu258.jpg,0
pikachu259.jpg,0
pikachu260.jpg,0
pikachu261.jpg,0
pikachu262.jpg,0
pikachu263.jpg,0
pikachu264.jpg,0
pikachu265.jpg,0
pikachu266.jpg,0
pikachu267.jpg,0
pikachu268.jpg,0
pikachu269.jpg,0
pikachu270.jpg,0
pikachu271.jpg,0
pikachu272.jpg,0
pikachu273.jpg,0
pikachu274.jpg,0
pikachu275.jpg,0
pikachu276.jpg,0
pikachu277.jpg,0
pikachu278.jpg,0
pikachu279.jpg,0
pikachu280.jpg,0
pikachu281.jpg,0
pikachu282.jpg,0
pikachu283.jpg,0
pikachu284.jpg,0
pikachu285.jpg,0
pikachu286.jpg,0
pikachu287.jpg,0
pikachu288.jpg,0
pikachu289.jpg,0
pikachu290.jpg,0
pikachu291.jpg,0
pikachu292.jpg,0
pikachu293.jpg,0
pikachu294.jpg,0
pikachu295.jpg,0
pikachu296.jpg,0
pikachu297.jpg,0
pikachu298.jpg,0
pikachu299.jpg,0
pikachu300.jpg,0
pikachu301.jpg,0
pikachu302.jpg,0
pikachu303.jpg,0
pikachu304.jpg,0
pikachu305.jpg,0
pikachu306.jpg,0
pikachu307.jpg,0
pikachu308.jpg,0
pikachu309.jpg,0
pikachu310.jpg,0
pikachu311.jpg,0
pikachu312.jpg,0
pikachu313.jpg,0
pikachu314.jpg,0
pikachu315.jpg,0
pikachu316.jpg,0
pikachu317.jpg,0
pikachu318.jpg,0
pikachu319.jpg,0
pikachu320.jpg,0
pikachu321.jpg,0
pikachu322.jpg,0
pikachu323.jpg,0
pikachu324.jpg,0
pikachu325.jpg,0
pikachu326.jpg,0
pikachu327.jpg,0
pikachu328.jpg,0
pikachu329.jpg,0
pikachu330.jpg,0
pikachu331.jpg,0
pikachu332.jpg,0
pikachu333.jpg,0
pikachu334.jpg,0
pikachu335.jpg,0
pikachu336.jpg,0
pikachu337.jpg,0
pikachu338.jpg,0
pikachu339.jpg,0
pikachu340.jpg,0
pikachu341.jpg,0
pikachu342.jpg,0
pikachu343.jpg,0
pikachu344.jpg,0
pikachu345.jpg,0
pikachu346.jpg,0
pikachu347.jpg,0
pikachu348.jpg,0
pikachu349.jpg,0
pikachu350.jpg,0
pikachu351.jpg,0
pikachu352.jpg,0
pikachu353.jpg,0
pikachu354.jpg,0
pikachu355.jpg,0
pikachu356.jpg,0
pikachu357.jpg,0
pikachu358.jpg,0
pikachu359.jpg,0
pikachu360.jpg,0
pikachu361.jpg,0
pikachu362.jpg,0
pikachu363.jpg,0
pikachu364.jpg,0
pikachu365.jpg,0
pikachu366.jpg,0
pikachu367.jpg,0
pikachu368.jpg,0
pikachu369.jpg,0
pikachu370.jpg,0
pikachu371.jpg,0
pikachu372.jpg,0
pikachu373.jpg,0
pikachu374.jpg,0
pikachu375.jpg,0
pikachu376.jpg,0
pikachu377.jpg,0
pikachu378.jpg,0
pikachu379.jpg,0
pikachu380.jpg,0
pikachu381.jpg,0
pikachu382.jpg,0
pikachu383.jpg,0
pikachu384.jpg,0
pikachu385.jpg,0
pikachu386.jpg,0
pikachu387.jpg,0
pikachu388.jpg,0
pikachu389.jpg,0
pikachu390.jpg,0
pikachu391.jpg,0
pikachu392.jpg,0
pikachu393.jpg,0
pikachu394.jpg,0
pikachu395.jpg,0
pikachu396.jpg,0
pikachu397.jpg,0
pikachu398.jpg,0
pikachu399.jpg,0
pikachu400.jpg,0
pikachu401.jpg,0
pikachu402.jpg,0
pikachu403.jpg,0
pikachu404.jpg,0
pikachu405.jpg,0
pikachu406.jpg,0
pikachu407.jpg,0
pikachu408.jpg,0
pikachu409.jpg,0
pikachu410.jpg,0
pikachu411.jpg,0
pikachu412.jpg,0
pikachu413.jpg,0
pikachu414.jpg,0
pikachu415.jpg,0
pikachu416.jpg,0
pikachu417.jpg,0
pikachu418.jpg,0
pikachu419.jpg,0
pikachu420.jpg,0
pikachu421.jpg,0
pikachu422.jpg,0
pikachu423.jpg,0
pikachu424.jpg,0
pikachu425.jpg,0
pikachu426.jpg,0
pikachu427.jpg,0
pikachu428.jpg,0
pikachu429.jpg,0
pikachu430.jpg,0
pikachu431.jpg,0
pikachu432.jpg,0
pikachu433.jpg,0
pikachu434.jpg,0
pikachu435.jpg,0
pikachu436.jpg,0
pikachu437.jpg,0
pikachu438.jpg,0
pikachu439.jpg,0
pikachu440.jpg,0
pikachu441.jpg,0
pikachu442.jpg,0
pikachu443.jpg,0
pikachu444.jpg,0
pikachu445.jpg,0
pikachu446.jpg,0
pikachu447.jpg,0
pikachu448.jpg,0
pikachu449.jpg,0
pikachu450.jpg,0
pikachu451.jpg,0
pikachu452.jpg,0
pikachu453.jpg,0
pikachu454.jpg,0
pikachu455.jpg,0
pikachu456.jpg,0
pikachu457.jpg,0
pikachu458.jpg,0
pikachu459.jpg,0
pikachu460.jpg,0
pikachu461.jpg,0
pikachu462.jpg,0
pikachu463.jpg,0
pikachu464.jpg,0
pikachu465.jpg,0
pikachu466.jpg,0
pikachu467.jpg,0
pikachu468.jpg,0
pikachu469.jpg,0
pikachu470.jpg,0
pikachu471.jpg,0
pikachu472.jpg,0
pikachu473.jpg,0
pikachu474.jpg,0
pikachu475.jpg,0
pikachu476.jpg,0
pikachu477.jpg,0
pikachu478.jpg,0
pikachu479.jpg,0
pikachu480.jpg,0
pikachu481.jpg,0
pikachu482.jpg,0
pikachu483.jpg,0
